key_i,key_j,raw_matches,ratio_matches,mutual_matches,ransac_inliers,inlier_ratio,mean_reproj_error,coverage_i,coverage_j,selected_matches,verified,reason
left:0,right:0,10001,7879,7805,7804,0.9998718770019218,0.07925205752929358,0.9751990158072632,0.9751854876786156,40,True,accepted
left:1,right:1,10000,7909,7850,7850,1.0,0.07943028827272831,0.9808415984684324,0.9807684410420866,40,True,accepted
left:1,left:0,10000,1511,1299,678,0.5219399538106235,1.7780521748436369,0.2983936700436406,0.29551343093657145,40,True,accepted
left:1,right:0,10000,1538,1320,695,0.5265151515151515,1.515035082248502,0.2847625454286456,0.282462938624974,40,True,accepted
right:1,left:0,10000,1505,1291,626,0.48489542989930284,1.9614535837257392,0.3278165294149378,0.32337282236295345,40,True,accepted
right:1,right:0,10000,1524,1311,670,0.5110602593440122,1.9285104425647182,0.32382055265382154,0.31881856067583486,40,True,accepted
left:2,right:2,10000,7907,7858,7858,1.0,0.07685482546331657,0.9736052404795636,0.9735816353741314,40,True,accepted
left:2,left:1,10000,1889,1658,808,0.4873341375150784,1.5485223667015728,0.27619954983727685,0.2804719165743993,40,True,accepted
left:2,right:1,10000,1879,1655,809,0.48882175226586105,1.6223159518786772,0.2922751275915706,0.29594839297147063,40,True,accepted
right:2,left:1,10000,1854,1626,760,0.46740467404674046,1.8526529509656344,0.43929591002193297,0.4416743332136046,40,True,accepted
right:2,right:1,10000,1879,1673,759,0.4536760310818888,1.456651153677388,0.25404851831057257,0.260117219742147,40,True,accepted
left:2,left:0,10000,173,117,58,0.49572649572649574,1.2179902751430796,0.07174756326128161,0.07292784697269655,40,True,accepted
left:2,right:0,10000,164,102,56,0.5490196078431373,1.2721311078886033,0.07399099677348335,0.07494901147837552,40,True,accepted
right:2,left:0,10000,175,117,53,0.452991452991453,1.2919077411683817,0.07684692547777189,0.0783691137587608,40,True,accepted
right:2,right:0,10000,166,102,49,0.4803921568627451,1.3181062521895777,0.07650574787593706,0.07727231647987942,40,True,accepted
left:3,right:3,10001,7791,7747,7746,0.9998709177746224,0.07884972969256414,0.965182256909678,0.9651799163887894,40,True,accepted
left:3,left:2,10001,1720,1529,772,0.5049051667756703,1.672657522066781,0.31827707788113485,0.3314710827671958,40,True,accepted
left:3,right:2,10001,1776,1578,753,0.47718631178707227,1.542341745600329,0.31464432339953613,0.327615666487515,40,True,accepted
right:3,left:2,10000,1680,1489,708,0.47548690396239085,1.9723885831065038,0.406607316706708,0.41391359295248237,40,True,accepted
right:3,right:2,10000,1706,1528,753,0.49280104712041883,1.985376449155569,0.4028701351829319,0.41248924464531345,40,True,accepted
left:3,left:1,10001,153,104,37,0.3557692307692308,1.6647406074226485,0.2554447196774677,0.25927859878690257,0,False,inlier_count
left:3,right:1,10001,159,106,33,0.3113207547169811,1.8116678982795043,0.2157729723710832,0.22141414217366254,0,False,inlier_count
right:3,left:1,10000,148,91,32,0.3516483516483517,1.4372841270067467,0.22309369039431381,0.22594507380930673,0,False,inlier_count
right:3,right:1,10000,149,90,31,0.34444444444444444,1.5133840618014445,0.2884026779940096,0.29340036272969616,0,False,inlier_count
left:4,right:4,10000,7747,7711,7711,1.0,0.07787265045710039,0.9621402035116204,0.9621820430151766,40,True,accepted
left:4,left:3,10000,1282,1158,600,0.5181347150259067,1.8640766588514317,0.3108530289784496,0.316560525090421,40,True,accepted
left:4,right:3,10000,1300,1184,580,0.48986486486486486,1.8871591273133805,0.36763361724127214,0.3756618422451331,40,True,accepted
right:4,left:3,10000,1286,1165,582,0.4995708154506438,2.1102702946111114,0.2141867569419871,0.21906620811609548,40,True,accepted
right:4,right:3,10000,1275,1164,647,0.5558419243986255,1.9228284860027471,0.2544327942874351,0.26209568604148464,40,True,accepted
left:4,left:2,10000,209,164,69,0.42073170731707316,1.916480179166861,0.11510207362621742,0.10150630951745304,40,True,accepted
left:4,right:2,10000,203,151,58,0.3841059602649007,1.6167859543253993,0.02016759500043185,0.017719108421609175,0,False,coverage
right:4,left:2,10000,213,155,63,0.4064516129032258,1.3242834002651902,0.03122052625894056,0.028644197675017632,0,False,coverage
right:4,right:2,10000,198,150,65,0.43333333333333335,1.7370621971480305,0.05917485868234995,0.049786099608342495,40,True,accepted
left:4,left:0,10000,17,2,0,0.0,,0.0,0.0,0,False,insufficient_mutual_matches
left:4,right:0,10000,20,5,0,0.0,,0.0,0.0,0,False,insufficient_mutual_matches
right:4,left:0,10000,21,4,0,0.0,,0.0,0.0,0,False,insufficient_mutual_matches
right:4,right:0,10000,22,3,0,0.0,,0.0,0.0,0,False,insufficient_mutual_matches
left:5,right:5,10000,7762,7725,7723,0.9997411003236246,0.07096336544661308,0.9403476304296919,0.9403637849298425,40,True,accepted
left:5,left:4,10000,981,882,537,0.608843537414966,1.5383161375220085,0.09795357205266932,0.09969023035089661,40,True,accepted
left:5,right:4,10000,969,872,571,0.6548165137614679,1.757984050715404,0.2848158592102404,0.28937759501742627,40,True,accepted
right:5,left:4,10000,962,865,489,0.5653179190751445,1.2137072796996864,0.09730462585855244,0.09850099828493973,40,True,accepted
right:5,right:4,10000,986,877,583,0.6647662485746865,1.4914148450259213,0.2617012031813416,0.26269361514076744,40,True,accepted
left:5,left:3,10000,299,254,140,0.5511811023622047,1.8845621767212135,0.03365264644940781,0.03221419899549057,40,True,accepted
left:5,right:3,10000,296,246,134,0.5447154471544715,1.497730976308216,0.01980395968891864,0.01893057426512378,0,False,coverage
right:5,left:3,10000,289,248,129,0.5201612903225806,1.900829973033147,0.09701519224595544,0.0956932315326048,40,True,accepted
right:5,right:3,10000,284,238,133,0.5588235294117647,1.8116216821603093,0.10189958150834057,0.09394473150046927,40,True,accepted
left:5,left:1,10000,10,1,0,0.0,,0.0,0.0,0,False,insufficient_mutual_matches
left:5,right:1,10000,13,5,0,0.0,,0.0,0.0,0,False,insufficient_mutual_matches
right:5,left:1,10000,11,1,0,0.0,,0.0,0.0,0,False,insufficient_mutual_matches
right:5,right:1,10000,13,4,0,0.0,,0.0,0.0,0,False,insufficient_mutual_matches
left:6,right:6,10000,7773,7733,7730,0.9996120522436311,0.07243646187154781,0.9497107212887996,0.9496630557662538,40,True,accepted
left:6,left:5,10000,492,395,175,0.4430379746835443,1.0135358374256582,0.14185130285304978,0.1501755736977609,40,True,accepted
left:6,right:5,10000,490,397,200,0.5037783375314862,1.4463267550766108,0.23543546043651348,0.24269320937124372,40,True,accepted
right:6,left:5,10000,485,378,180,0.47619047619047616,1.1212488160643805,0.1896670156374059,0.20011247153286293,40,True,accepted
right:6,right:5,10000,480,385,187,0.4857142857142857,1.5976953780968943,0.23126580032328156,0.23986005856170142,40,True,accepted
left:6,left:4,10000,47,36,0,0.0,,0.0,0.0,0,False,insufficient_mutual_matches
left:6,right:4,10000,52,34,0,0.0,,0.0,0.0,0,False,insufficient_mutual_matches
right:6,left:4,10000,48,32,0,0.0,,0.0,0.0,0,False,insufficient_mutual_matches
right:6,right:4,10000,50,30,0,0.0,,0.0,0.0,0,False,insufficient_mutual_matches
left:6,left:2,10000,19,4,0,0.0,,0.0,0.0,0,False,insufficient_mutual_matches
left:6,right:2,10000,14,2,0,0.0,,0.0,0.0,0,False,insufficient_mutual_matches
right:6,left:2,10000,20,4,0,0.0,,0.0,0.0,0,False,insufficient_mutual_matches
right:6,right:2,10000,16,4,0,0.0,,0.0,0.0,0,False,insufficient_mutual_matches
left:7,right:7,10002,7790,7728,7722,0.9992236024844721,0.0759151152477833,0.9649138249107876,0.9649379964421106,40,True,accepted
left:7,left:6,10002,584,432,250,0.5787037037037037,1.5428979176237174,0.48510710372873,0.5028915520689348,40,True,accepted
left:7,right:6,10002,605,437,241,0.551487414187643,1.8859691030054797,0.1674389003997851,0.17582443667905256,40,True,accepted
right:7,left:6,10000,582,450,258,0.5733333333333334,1.337250983290841,0.28584015314600847,0.2989897478068597,40,True,accepted
right:7,right:6,10000,573,437,247,0.5652173913043478,1.4507592593269905,0.2879541748972755,0.3008157310588321,40,True,accepted
left:7,left:5,10002,103,62,20,0.3225806451612903,1.3195728066101169,0.10609888859196707,0.11184250838948473,0,False,inlier_count
left:7,right:5,10002,83,53,19,0.3584905660377358,1.0093100604042988,0.04740778660887752,0.050157814959038066,0,False,inlier_count
right:7,left:5,10000,109,63,22,0.3492063492063492,1.0370443857238665,0.11157550798479673,0.12058582238558023,0,False,inlier_count
right:7,right:5,10000,100,58,18,0.3103448275862069,1.8720207852076693,0.14339209573574993,0.14960437372985222,0,False,inlier_count
left:7,left:3,10002,22,4,0,0.0,,0.0,0.0,0,False,insufficient_mutual_matches
left:7,right:3,10002,18,4,0,0.0,,0.0,0.0,0,False,insufficient_mutual_matches
right:7,left:3,10000,17,3,0,0.0,,0.0,0.0,0,False,insufficient_mutual_matches
right:7,right:3,10000,18,2,0,0.0,,0.0,0.0,0,False,insufficient_mutual_matches
left:8,right:8,10000,7893,7817,7803,0.9982090315977996,0.08518581553054515,0.9774083544649994,0.977361943774085,40,True,accepted
left:8,left:7,10000,684,538,238,0.4423791821561338,1.7921104513409112,0.22610532753559334,0.24103177283242494,40,True,accepted
left:8,right:7,10000,732,564,280,0.49645390070921985,1.739318040386151,0.3404334813627236,0.36062547936078326,40,True,accepted
right:8,left:7,10000,677,525,211,0.40190476190476193,1.9649514645094885,0.3077633716832466,0.3282294406073524,40,True,accepted
right:8,right:7,10000,734,562,258,0.45907473309608543,1.6210404074613078,0.4000011517594317,0.4207821905259401,40,True,accepted
left:8,left:6,10000,146,86,40,0.46511627906976744,1.760827624712484,0.16232926963590152,0.16665218736322746,40,True,accepted
left:8,right:6,10000,156,93,36,0.3870967741935484,1.3423260005793705,0.11285801209053171,0.12360743890731919,0,False,inlier_count
right:8,left:6,10000,159,94,40,0.425531914893617,1.904014416695667,0.13126455326018738,0.13980660881202472,40,True,accepted
right:8,right:6,10000,173,99,43,0.43434343434343436,1.894492320851219,0.11580983972242644,0.12367242948050275,40,True,accepted
left:8,left:4,10000,27,3,0,0.0,,0.0,0.0,0,False,insufficient_mutual_matches
left:8,right:4,10000,33,4,0,0.0,,0.0,0.0,0,False,insufficient_mutual_matches
right:8,left:4,10000,27,3,0,0.0,,0.0,0.0,0,False,insufficient_mutual_matches
right:8,right:4,10000,34,5,0,0.0,,0.0,0.0,0,False,insufficient_mutual_matches
left:9,right:9,10000,7769,7607,7587,0.9973708426449323,0.09231925119033796,0.9758773512353308,0.9758672293153159,40,True,accepted
left:9,left:8,10000,1074,759,223,0.2938076416337286,1.6422577687579085,0.3853691846314761,0.39168396573459896,40,True,accepted
left:9,right:8,10000,1048,747,235,0.31459170013386883,2.0738686964470987,0.4564507075895306,0.46235681023510333,40,True,accepted
right:9,left:8,10001,1075,738,240,0.3252032520325203,1.6202451445356587,0.42118438778290185,0.4262528918337222,40,True,accepted
right:9,right:8,10001,1092,789,265,0.3358681875792142,2.1176593739739618,0.46481631486210895,0.47077793250211925,40,True,accepted
left:9,left:7,10000,295,116,31,0.2672413793103448,1.4930352972328567,0.113951368571805,0.138039539717847,0,False,inlier_count
left:9,right:7,10000,359,112,34,0.30357142857142855,1.3882124854668352,0.1926844289878326,0.2287458791294291,0,False,inlier_count
right:9,left:7,10001,331,112,36,0.32142857142857145,1.5867897641556918,0.24211791997856605,0.2580478928795048,0,False,inlier_count
right:9,right:7,10001,399,115,43,0.3739130434782609,1.7566909529396966,0.17748981268660158,0.20587817317262172,40,True,accepted
left:9,left:5,10000,157,7,0,0.0,,0.0,0.0,0,False,insufficient_mutual_matches
left:9,right:5,10000,128,8,0,0.0,,0.0,0.0,0,False,insufficient_mutual_matches
right:9,left:5,10001,158,4,0,0.0,,0.0,0.0,0,False,insufficient_mutual_matches
right:9,right:5,10001,118,8,0,0.0,,0.0,0.0,0,False,insufficient_mutual_matches
left:10,right:10,10000,7843,7661,7624,0.9951703432972197,0.09968726375633595,0.9803467682156715,0.9803710338033552,40,True,accepted
left:10,left:9,10000,2028,1622,429,0.2644882860665845,1.8219491737179232,0.5340513053991207,0.5306875551538628,40,True,accepted
left:10,right:9,10000,2025,1622,449,0.27681874229346487,1.8763668900248331,0.5208889785145666,0.5168364144199777,40,True,accepted
right:10,left:9,10000,2036,1637,442,0.27000610873549175,1.714549971979166,0.5223066120991221,0.5181115612469104,40,True,accepted
right:10,right:9,10000,2041,1627,455,0.2796558082360172,1.9099730635406549,0.5281706845445008,0.5245257839451016,40,True,accepted
left:10,left:8,10000,546,240,59,0.24583333333333332,1.4206142718854229,0.32656201018714837,0.32947571202263193,0,False,inlier_ratio
left:10,right:8,10000,509,254,58,0.2283464566929134,1.7409417289794304,0.26304418781651223,0.26709672631362635,0,False,inlier_ratio
right:10,left:8,10000,549,255,61,0.23921568627450981,1.7447612562828179,0.29888877471044206,0.30195390719341675,0,False,inlier_ratio
right:10,right:8,10000,519,261,63,0.2413793103448276,1.408208763505632,0.3196121434566197,0.3229622782186476,0,False,inlier_ratio
left:10,left:6,10000,154,8,0,0.0,,0.0,0.0,0,False,insufficient_mutual_matches
left:10,right:6,10000,170,4,0,0.0,,0.0,0.0,0,False,insufficient_mutual_matches
right:10,left:6,10000,152,9,0,0.0,,0.0,0.0,0,False,insufficient_mutual_matches
right:10,right:6,10000,168,6,0,0.0,,0.0,0.0,0,False,insufficient_mutual_matches
left:11,right:11,10000,7934,7710,7685,0.996757457846952,0.093263005043167,0.9755510970755403,0.9755358795275763,40,True,accepted
left:11,left:10,10000,1971,1608,542,0.3370646766169154,1.7108013535548938,0.49721234037489836,0.48749013877313063,40,True,accepted
left:11,right:10,10000,1952,1576,522,0.33121827411167515,1.7812273900695195,0.37746871275652316,0.36925608292158274,40,True,accepted
right:11,left:10,10000,1964,1602,497,0.31023720349563044,1.7976069582486285,0.49982373316018425,0.500268874097446,40,True,accepted
right:11,right:10,10000,1957,1588,533,0.33564231738035266,1.5799644954414163,0.5757625537267813,0.5706299933160095,40,True,accepted
left:11,left:9,10000,768,460,129,0.28043478260869564,1.7286279414871522,0.3149435543016945,0.313943015908686,40,True,accepted
left:11,right:9,10000,790,463,119,0.2570194384449244,1.5674857404630513,0.3488883331146983,0.34501930747343973,40,True,accepted
right:11,left:9,10000,778,457,118,0.25820568927789933,1.3910718607546881,0.2953462798150673,0.29364251015911413,40,True,accepted
right:11,right:9,10000,782,465,111,0.23870967741935484,1.145363334794379,0.31876476378366125,0.3148393407934522,0,False,inlier_ratio
left:11,left:7,10000,160,22,0,0.0,,0.0,0.0,0,False,insufficient_mutual_matches
left:11,right:7,10000,181,19,0,0.0,,0.0,0.0,0,False,insufficient_mutual_matches
right:11,left:7,10000,158,18,0,0.0,,0.0,0.0,0,False,insufficient_mutual_matches
right:11,right:7,10000,189,19,0,0.0,,0.0,0.0,0,False,insufficient_mutual_matches
left:12,right:12,10000,7871,7665,7640,0.9967384213959556,0.08559072358366838,0.9783771511927988,0.9783530054391156,40,True,accepted
left:12,left:11,10000,1645,1271,492,0.3870967741935484,1.6134336394103426,0.45297238451365107,0.4491698997584322,40,True,accepted
left:12,right:11,10000,1626,1245,443,0.35582329317269074,1.7028232795953353,0.42706266526804676,0.4216758448986684,40,True,accepted
right:12,left:11,10000,1663,1288,474,0.36801242236024845,1.9662837624796554,0.4930078602411026,0.4871396636750517,40,True,accepted
right:12,right:11,10000,1698,1284,499,0.3886292834890966,1.710947484771642,0.4886416857989981,0.4834912637793642,40,True,accepted
left:12,left:10,10000,669,409,106,0.2591687041564792,1.6509988397064876,0.26044394137642507,0.2625047950448776,40,True,accepted
left:12,right:10,10000,654,392,127,0.3239795918367347,1.6436721730272081,0.2500104726031083,0.24462346438932522,40,True,accepted
right:12,left:10,10000,683,423,118,0.2789598108747045,1.9316060142617926,0.34018033353101707,0.3319873526148848,40,True,accepted
right:12,right:10,10000,707,390,122,0.3128205128205128,1.6139966622689899,0.2595801465557269,0.2556660013992034,40,True,accepted
left:12,left:8,10000,213,30,0,0.0,,0.0,0.0,0,False,insufficient_mutual_matches
left:12,right:8,10000,183,39,0,0.0,,0.0,0.0,0,False,insufficient_mutual_matches
right:12,left:8,10000,220,43,15,0.3488372093023256,0.7144504728079616,0.06604648270803777,0.06615232525223229,0,False,inlier_count
right:12,right:8,10000,187,46,19,0.41304347826086957,0.4207188370477935,0.0717935784224603,0.07166932738165724,0,False,inlier_count
left:13,right:13,10000,7807,7688,7675,0.9983090530697191,0.0935986746803933,0.9778147622984494,0.9778083557770998,40,True,accepted
left:13,left:12,10000,753,517,262,0.5067698259187621,1.5708949612561829,0.40165642329355733,0.39212643985227535,40,True,accepted
left:13,right:12,10000,735,510,261,0.5117647058823529,1.711835163314492,0.4195762211561502,0.4081616252746159,40,True,accepted
right:13,left:12,10000,763,518,282,0.5444015444015444,1.5218121150296535,0.3907487784326444,0.3811126105829869,40,True,accepted
right:13,right:12,10000,719,497,265,0.5331991951710262,1.6665093848908628,0.42325601593878825,0.41373302798477224,40,True,accepted
left:13,left:11,10000,382,219,93,0.4246575342465753,1.7415547355129484,0.29062753368874644,0.2813086159810337,40,True,accepted
left:13,right:11,10000,332,213,85,0.39906103286384975,1.6582891712461734,0.3212905363442649,0.3085890144000931,40,True,accepted
right:13,left:11,10000,375,216,98,0.4537037037037037,1.7294228700986907,0.33674517896221173,0.32853059036423243,40,True,accepted
right:13,right:11,10000,333,217,102,0.4700460829493088,1.9210103656118362,0.32808644732454323,0.3194372922607512,40,True,accepted
left:13,left:9,10000,132,35,0,0.0,,0.0,0.0,0,False,insufficient_mutual_matches
left:13,right:9,10000,189,44,8,0.18181818181818182,0.867118675959551,0.17353103354957822,0.16885109609016155,0,False,inlier_count+inlier_ratio
right:13,left:9,10000,117,31,0,0.0,,0.0,0.0,0,False,insufficient_mutual_matches
right:13,right:9,10000,200,35,0,0.0,,0.0,0.0,0,False,insufficient_mutual_matches
left:14,right:14,10000,7711,7572,7563,0.998811410459588,0.08765960305731331,0.945285152025171,0.9453422114024204,40,True,accepted
left:14,left:13,10000,1735,1470,593,0.4034013605442177,1.6268796300192327,0.4127405490903795,0.4061993641465894,40,True,accepted
left:14,right:13,10000,1777,1509,649,0.4300861497680583,1.4555364252326917,0.4160022648218673,0.40952185013840703,40,True,accepted
right:14,left:13,10000,1763,1506,625,0.4150066401062417,1.4612841448827498,0.4054101634895565,0.3988354192039487,40,True,accepted
right:14,right:13,10000,1789,1498,609,0.40654205607476634,1.5953259645624658,0.4278616920450873,0.42146725050765405,40,True,accepted
left:14,left:12,10000,387,207,125,0.6038647342995169,1.814682157310821,0.32139127614372665,0.29952508143956535,40,True,accepted
left:14,right:12,10000,390,225,140,0.6222222222222222,1.8090732299860695,0.3199463074449955,0.3004548537485309,40,True,accepted
right:14,left:12,10000,377,201,117,0.582089552238806,1.7338420538952632,0.34229979187974835,0.3209780499812106,40,True,accepted
right:14,right:12,10000,387,216,115,0.5324074074074074,1.7848497040500904,0.32155766415327697,0.30353569771372274,40,True,accepted
left:14,left:10,10000,177,62,26,0.41935483870967744,1.8758265132486698,0.240865599483339,0.2287558486002709,0,False,inlier_count
left:14,right:10,10000,172,61,24,0.39344262295081966,1.856396571777238,0.21994807750869663,0.21536191916025815,0,False,inlier_count
right:14,left:10,10000,169,67,26,0.3880597014925373,1.8814491893753145,0.26630371130126773,0.254904579766555,0,False,inlier_count
right:14,right:10,10000,177,54,24,0.4444444444444444,2.1016750209926163,0.20423622197971913,0.194456318561823,0,False,inlier_count
left:15,right:15,10001,7801,7663,7642,0.9972595589194833,0.0866562772476845,0.9814296022777156,0.9814591248533494,40,True,accepted
left:15,left:14,10001,936,670,334,0.49850746268656715,1.5248269537551533,0.44590367944654125,0.44034053694287023,40,True,accepted
left:15,right:14,10001,960,680,371,0.5455882352941176,1.6946985173108744,0.4995699888611174,0.49887767445976156,40,True,accepted
right:15,left:14,10000,945,669,337,0.5037369207772795,1.5982338873638477,0.47303594920654113,0.4717103944750793,40,True,accepted
right:15,right:14,10000,932,658,333,0.506079027355623,1.5524932748639892,0.5106500832102278,0.5056980014251976,40,True,accepted
left:15,left:13,10001,521,344,143,0.41569767441860467,1.6424550612305961,0.3127410638307162,0.3085840038256793,40,True,accepted
left:15,right:13,10001,535,355,156,0.4394366197183099,2.0647777956792166,0.38281367808202865,0.38451272499104006,40,True,accepted
right:15,left:13,10000,518,354,164,0.4632768361581921,1.8208929425722655,0.3197921193215399,0.3131443617290904,40,True,accepted
right:15,right:13,10000,541,356,176,0.4943820224719101,1.9358050838984917,0.34194855098738913,0.3415813241253867,40,True,accepted
left:15,left:11,10001,612,413,207,0.5012106537530266,1.9359445233594539,0.3194942772834009,0.2960708899017698,40,True,accepted
left:15,right:11,10001,593,409,205,0.5012224938875306,2.0823095128251956,0.3671694764132822,0.3418791126680779,40,True,accepted
right:15,left:11,10000,615,436,184,0.42201834862385323,1.7391844460906878,0.2727879466545737,0.2523599649207242,40,True,accepted
right:15,right:11,10000,637,422,213,0.504739336492891,2.098705375914888,0.34493728990232597,0.31658510094534964,40,True,accepted
left:15,left:2,10001,48,5,0,0.0,,0.0,0.0,0,False,insufficient_mutual_matches
left:15,right:2,10001,49,6,0,0.0,,0.0,0.0,0,False,insufficient_mutual_matches
right:15,left:2,10000,48,2,0,0.0,,0.0,0.0,0,False,insufficient_mutual_matches
right:15,right:2,10000,54,3,0,0.0,,0.0,0.0,0,False,insufficient_mutual_matches
left:16,right:16,10000,7858,7710,7695,0.9980544747081712,0.08918174784460504,0.9794847304746535,0.9794543055162563,40,True,accepted
left:16,left:15,10000,1441,1104,448,0.4057971014492754,1.6842951540017825,0.5561366319048023,0.5504900201453556,40,True,accepted
left:16,right:15,10000,1411,1062,435,0.4096045197740113,1.7128691654142538,0.6069754534351401,0.6037201166393391,40,True,accepted
right:16,left:15,10000,1411,1065,410,0.38497652582159625,1.7658664620591364,0.5212204003087326,0.5136986840341004,40,True,accepted
right:16,right:15,10000,1404,1063,431,0.40545625587958606,1.6178780207782404,0.5056032268683318,0.5009873427434245,40,True,accepted
left:16,left:14,10000,361,199,99,0.49748743718592964,1.9404283197279777,0.345174770799279,0.3310961975119792,40,True,accepted
left:16,right:14,10000,361,208,109,0.5240384615384616,1.8698411555061965,0.3356724918088693,0.3173492012194589,40,True,accepted
right:16,left:14,10000,367,212,109,0.5141509433962265,1.7721429278757121,0.3836902400972434,0.3616004784313979,40,True,accepted
right:16,right:14,10000,364,214,109,0.5093457943925234,1.898040040476742,0.35108553444684026,0.3309795583693477,40,True,accepted
left:16,left:12,10000,468,279,133,0.4767025089605735,1.646508033966578,0.2087495206592498,0.19490843720027332,40,True,accepted
left:16,right:12,10000,480,289,130,0.44982698961937717,1.722096240513425,0.2570885881798025,0.2416500898769242,40,True,accepted
right:16,left:12,10000,500,285,146,0.512280701754386,2.1108572306995783,0.2930959468443313,0.27643959068375873,40,True,accepted
right:16,right:12,10000,506,283,139,0.4911660777385159,1.8579471419714884,0.27557505015226125,0.256408747377412,40,True,accepted
left:16,left:1,10000,46,5,0,0.0,,0.0,0.0,0,False,insufficient_mutual_matches
left:16,right:1,10000,47,8,0,0.0,,0.0,0.0,0,False,insufficient_mutual_matches
right:16,left:1,10000,42,7,0,0.0,,0.0,0.0,0,False,insufficient_mutual_matches
right:16,right:1,10000,44,6,0,0.0,,0.0,0.0,0,False,insufficient_mutual_matches
left:17,right:17,10001,7871,7689,7669,0.9973988815190532,0.09092803351489288,0.9506416743589884,0.9506635894007257,40,True,accepted
left:17,left:16,10001,1691,1312,512,0.3902439024390244,1.7524623890056001,0.44617216008704785,0.43936724387007964,40,True,accepted
left:17,right:16,10001,1728,1369,543,0.3966398831263696,1.492599745841993,0.5355856891858907,0.5291743989897535,40,True,accepted
right:17,left:16,10000,1703,1331,507,0.38091660405709993,1.5875024297842486,0.5237213939756507,0.518784144844791,40,True,accepted
right:17,right:16,10000,1735,1366,539,0.3945827232796486,1.5684253084688,0.5187002301532235,0.5139674398260288,40,True,accepted
left:17,left:15,10001,520,307,127,0.41368078175895767,1.7272662776415042,0.2360264598541013,0.2327168962957723,40,True,accepted
left:17,right:15,10001,518,310,109,0.35161290322580646,1.4048442704183397,0.20395397924912786,0.20145338447477026,40,True,accepted
right:17,left:15,10000,498,292,115,0.3938356164383562,1.873111547938587,0.24882593335985076,0.23771129549484127,40,True,accepted
right:17,right:15,10000,523,287,107,0.37282229965156793,1.4062149525154515,0.20942153606414415,0.2059511371952796,40,True,accepted
left:17,left:13,10001,162,69,34,0.4927536231884058,2.017279500601762,0.12902499961313676,0.11969708688788912,0,False,inlier_count
left:17,right:13,10001,182,74,35,0.47297297297297297,1.641412979007909,0.1612152982203582,0.14991314364497219,0,False,inlier_count
right:17,left:13,10000,173,59,29,0.4915254237288136,2.069536408197321,0.14234127947153635,0.13007992436421612,0,False,inlier_count
right:17,right:13,10000,173,66,28,0.42424242424242425,1.8218640093727525,0.12362534329509534,0.11227386368677997,0,False,inlier_count
left:17,left:1,10001,55,7,0,0.0,,0.0,0.0,0,False,insufficient_mutual_matches
left:17,right:1,10001,50,9,0,0.0,,0.0,0.0,0,False,insufficient_mutual_matches
right:17,left:1,10000,52,4,0,0.0,,0.0,0.0,0,False,insufficient_mutual_matches
right:17,right:1,10000,30,1,0,0.0,,0.0,0.0,0,False,insufficient_mutual_matches
left:17,left:0,10001,79,9,0,0.0,,0.0,0.0,0,False,insufficient_mutual_matches
left:17,right:0,10001,59,6,0,0.0,,0.0,0.0,0,False,insufficient_mutual_matches
right:17,left:0,10000,73,9,0,0.0,,0.0,0.0,0,False,insufficient_mutual_matches
right:17,right:0,10000,53,6,0,0.0,,0.0,0.0,0,False,insufficient_mutual_matches
left:17,left:4,10001,47,6,0,0.0,,0.0,0.0,0,False,insufficient_mutual_matches
left:17,right:4,10001,50,1,0,0.0,,0.0,0.0,0,False,insufficient_mutual_matches
right:17,left:4,10000,48,6,0,0.0,,0.0,0.0,0,False,insufficient_mutual_matches
right:17,right:4,10000,44,5,0,0.0,,0.0,0.0,0,False,insufficient_mutual_matches
left:18,right:18,10000,7982,7827,7801,0.9966781653251565,0.09217861955714853,0.9788220691959104,0.978786628938496,40,True,accepted
left:18,left:17,10000,1966,1615,625,0.38699690402476783,1.4178363480500746,0.6276702500344694,0.6173395388780892,40,True,accepted
left:18,right:17,10000,1947,1600,649,0.405625,1.5742614952134606,0.557633540525485,0.5469627359443101,40,True,accepted
right:18,left:17,10000,1988,1646,665,0.4040097205346294,1.5648031791407604,0.5371643461358339,0.5263302753301425,40,True,accepted
right:18,right:17,10000,1953,1637,671,0.4098961514966402,1.5013451777902487,0.6407564622612256,0.6312547739427042,40,True,accepted
left:18,left:16,10000,506,340,150,0.4411764705882353,1.4807149435979314,0.2242457064546685,0.21637729792683025,40,True,accepted
left:18,right:16,10000,572,375,162,0.432,1.523301303464256,0.207657117718969,0.19884313865269082,40,True,accepted
right:18,left:16,10000,520,345,163,0.47246376811594204,1.5523001585221574,0.2266804024885643,0.21887247030979803,40,True,accepted
right:18,right:16,10000,583,371,183,0.49326145552560646,1.53308812517767,0.2352254537649777,0.22731053738281068,40,True,accepted
left:18,left:14,10000,114,50,17,0.34,0.9890281490887044,0.11874322266446515,0.10843596588278967,0,False,inlier_count
left:18,right:14,10000,147,43,16,0.37209302325581395,0.9208242218520188,0.08114038800978184,0.07681859911472196,0,False,inlier_count
right:18,left:14,10000,129,43,17,0.3953488372093023,1.8064245910298686,0.06818084424547155,0.05885360556740939,0,False,inlier_count
right:18,right:14,10000,136,39,0,0.0,,0.0,0.0,0,False,insufficient_mutual_matches
left:18,left:8,10000,564,247,121,0.4898785425101215,1.8145695190901157,0.24507801957744468,0.23140045818849922,40,True,accepted
left:18,right:8,10000,545,259,116,0.44787644787644787,1.5130060579462252,0.1413559418406586,0.13354828760683096,40,True,accepted
right:18,left:8,10000,560,257,121,0.4708171206225681,1.8270339819688894,0.17755888520565738,0.1661993854243918,40,True,accepted
right:18,right:8,10000,516,252,111,0.44047619047619047,1.447638310864036,0.17797569784705541,0.16964338743561377,40,True,accepted
left:18,left:7,10000,252,74,34,0.4594594594594595,1.135512019654379,0.030185280434410825,0.031064463658230783,0,False,inlier_count
left:18,right:7,10000,256,76,36,0.47368421052631576,1.365177890584456,0.06702324217878747,0.06794547715053781,0,False,inlier_count
right:18,left:7,10000,245,70,36,0.5142857142857142,1.6028741882535202,0.1564671041146678,0.16978498160603772,0,False,inlier_count
right:18,right:7,10000,255,63,37,0.5873015873015873,1.858548424881535,0.16544399768119086,0.16616564288806113,0,False,inlier_count
left:19,right:19,10001,7845,7771,7763,0.9989705314631322,0.08253760508653785,0.9762137888454394,0.9762124403023984,40,True,accepted
left:19,left:18,10001,927,839,309,0.36829558998808104,1.578650857243675,0.5909575154756649,0.5818827988649994,40,True,accepted
left:19,right:18,10001,917,830,314,0.3783132530120482,1.9319144939291009,0.48471020249107083,0.47602864950497653,40,True,accepted
right:19,left:18,10000,898,784,264,0.336734693877551,1.2512199005339966,0.5477902811366404,0.5395857858479293,40,True,accepted
right:19,right:18,10000,896,794,282,0.35516372795969775,1.5731492764036141,0.610516337418201,0.5983084132731772,40,True,accepted
left:19,left:17,10001,341,262,91,0.3473282442748092,1.296129479161785,0.19071878039136186,0.18258273768713096,40,True,accepted
left:19,right:17,10001,350,271,90,0.33210332103321033,1.4445118366632617,0.12835119943319098,0.12282760783366446,40,True,accepted
right:19,left:17,10000,350,266,97,0.36466165413533835,1.481976414530669,0.2241352917775414,0.21516027456428233,40,True,accepted
right:19,right:17,10000,347,274,94,0.34306569343065696,1.7197141872102082,0.24955644387596587,0.24158029079796253,40,True,accepted
left:19,left:15,10001,50,22,0,0.0,,0.0,0.0,0,False,insufficient_mutual_matches
left:19,right:15,10001,78,28,0,0.0,,0.0,0.0,0,False,insufficient_mutual_matches
right:19,left:15,10000,56,29,0,0.0,,0.0,0.0,0,False,insufficient_mutual_matches
right:19,right:15,10000,71,28,0,0.0,,0.0,0.0,0,False,insufficient_mutual_matches
left:19,left:8,10001,374,253,123,0.48616600790513836,1.9480464175522716,0.26673469999172084,0.24007128258209393,40,True,accepted
left:19,right:8,10001,379,259,111,0.42857142857142855,1.8107902490468408,0.1969505571045973,0.17309295244271075,40,True,accepted
right:19,left:8,10000,370,251,112,0.44621513944223107,1.9247798790612138,0.2653929598908392,0.24607738549339572,40,True,accepted
right:19,right:8,10000,369,259,116,0.44787644787644787,1.473173187913996,0.13278809506060088,0.11841848003572869,40,True,accepted
left:19,left:6,10001,94,46,20,0.43478260869565216,1.2006546448376878,0.05937961079209419,0.061424843822797386,0,False,inlier_count
left:19,right:6,10001,105,51,27,0.5294117647058824,1.7067015851331964,0.10269361657339379,0.10759613457273634,0,False,inlier_count
right:19,left:6,10000,110,53,22,0.41509433962264153,1.507119514832708,0.08393402099369993,0.08926574835386346,0,False,inlier_count
right:19,right:6,10000,109,48,25,0.5208333333333334,1.4607025845279487,0.14232065611167843,0.14970436026762582,0,False,inlier_count
left:19,left:5,10001,65,20,0,0.0,,0.0,0.0,0,False,insufficient_mutual_matches
left:19,right:5,10001,52,18,0,0.0,,0.0,0.0,0,False,insufficient_mutual_matches
right:19,left:5,10000,74,25,0,0.0,,0.0,0.0,0,False,insufficient_mutual_matches
right:19,right:5,10000,49,16,0,0.0,,0.0,0.0,0,False,insufficient_mutual_matches
left:19,left:7,10001,226,120,56,0.4666666666666667,1.5027127042425044,0.15207538153012767,0.1468813472116459,40,True,accepted
left:19,right:7,10001,247,118,68,0.576271186440678,2.0663515798573386,0.23545620927797337,0.22656516583015848,40,True,accepted
right:19,left:7,10000,225,139,64,0.460431654676259,1.9446895060653286,0.22745167538117553,0.21731116548908277,40,True,accepted
right:19,right:7,10000,258,137,72,0.5255474452554745,1.73164539078186,0.32592428094110526,0.3193412655184327,40,True,accepted
left:20,right:20,10000,7787,7736,7731,0.9993536711478801,0.0766873655054724,0.967770799124723,0.9677655351561434,40,True,accepted
left:20,left:19,10000,696,568,356,0.6267605633802817,1.5772973713046636,0.31399398952417024,0.29969377305345324,40,True,accepted
left:20,right:19,10000,650,531,375,0.7062146892655368,1.8103145798076032,0.41664383562107116,0.3991668570246929,40,True,accepted
right:20,left:19,10000,694,576,393,0.6822916666666666,1.8479136061697505,0.4983101978014054,0.48100862486586526,40,True,accepted
right:20,right:19,10000,654,538,363,0.6747211895910781,1.7159228764008132,0.3999721915594781,0.38414961442472423,40,True,accepted
left:20,left:18,10000,175,132,59,0.44696969696969696,1.4686431241126012,0.1450885503322877,0.13411685925550565,40,True,accepted
left:20,right:18,10000,172,133,58,0.43609022556390975,1.6486642642787388,0.18053150305741206,0.16763870376960327,40,True,accepted
right:20,left:18,10000,165,134,59,0.44029850746268656,1.7210146100948005,0.2391254668464452,0.221556602561507,40,True,accepted
right:20,right:18,10000,159,133,54,0.40601503759398494,1.3889141133290634,0.14983213621536756,0.14063543980152485,40,True,accepted
left:20,left:16,10000,28,14,0,0.0,,0.0,0.0,0,False,insufficient_mutual_matches
left:20,right:16,10000,25,9,0,0.0,,0.0,0.0,0,False,insufficient_mutual_matches
right:20,left:16,10000,25,12,0,0.0,,0.0,0.0,0,False,insufficient_mutual_matches
right:20,right:16,10000,20,8,0,0.0,,0.0,0.0,0,False,insufficient_mutual_matches
left:20,left:6,10000,114,57,29,0.5087719298245614,1.6453735448136915,0.21214518246345598,0.199712272951066,0,False,inlier_count
left:20,right:6,10000,118,65,34,0.5230769230769231,1.7672195197614717,0.19090184378711464,0.1716502814602749,0,False,inlier_count
right:20,left:6,10000,110,62,34,0.5483870967741935,1.738876700293783,0.1977857856151124,0.18067763220939076,0,False,inlier_count
right:20,right:6,10000,110,69,36,0.5217391304347826,1.6908060968183045,0.16060907914044142,0.1533503184520064,0,False,inlier_count
left:20,left:7,10000,204,140,79,0.5642857142857143,2.243129970686984,0.3130333269767379,0.28412894621891555,40,True,accepted
left:20,right:7,10000,214,141,70,0.49645390070921985,1.705271729372724,0.1898443997319618,0.16813883152836667,40,True,accepted
right:20,left:7,10000,200,132,68,0.5151515151515151,1.8454178598922195,0.25009284191578357,0.23026993553549735,40,True,accepted
right:20,right:7,10000,203,135,65,0.48148148148148145,1.7105173098738584,0.20407397099812732,0.17923766574482147,40,True,accepted
left:21,right:21,10000,7810,7772,7772,1.0,0.07195676508173741,0.9503650896396224,0.9503316556381571,40,True,accepted
left:21,left:20,10000,390,300,197,0.6566666666666666,1.0650573078840675,0.21345179066356146,0.21132749260418573,40,True,accepted
left:21,right:20,10000,395,314,190,0.6050955414012739,1.5507589562455013,0.14714995257055713,0.14519878160771763,40,True,accepted
right:21,left:20,10000,394,310,201,0.6483870967741936,1.2178515171594904,0.26814419103569914,0.2667556570483963,40,True,accepted
right:21,right:20,10000,416,322,201,0.6242236024844721,1.100254285145566,0.2673136025601544,0.26548673856626553,40,True,accepted
left:21,left:19,10000,77,53,21,0.39622641509433965,0.8613605510680542,0.10771543922343198,0.10225992303860794,0,False,inlier_count
left:21,right:19,10000,80,54,22,0.4074074074074074,1.2669070629587003,0.09357965738544835,0.08947863671755493,0,False,inlier_count
right:21,left:19,10000,83,56,23,0.4107142857142857,1.7433831671833964,0.19396492559771722,0.18743784825608295,0,False,inlier_count
right:21,right:19,10000,78,53,24,0.4528301886792453,1.5194818023160241,0.12063465851612602,0.11564518650839611,0,False,inlier_count
left:21,left:17,10000,23,11,0,0.0,,0.0,0.0,0,False,insufficient_mutual_matches
left:21,right:17,10000,24,12,0,0.0,,0.0,0.0,0,False,insufficient_mutual_matches
right:21,left:17,10000,23,9,0,0.0,,0.0,0.0,0,False,insufficient_mutual_matches
right:21,right:17,10000,25,10,0,0.0,,0.0,0.0,0,False,insufficient_mutual_matches
left:21,left:5,10000,111,88,31,0.3522727272727273,1.7626298715744881,0.06971263325280654,0.06901928914409641,0,False,inlier_count
left:21,right:5,10000,121,89,32,0.3595505617977528,1.680144796219194,0.4030896174908262,0.40098435152270545,0,False,inlier_count
right:21,left:5,10000,111,82,25,0.3048780487804878,1.2943216346276551,0.07209032615529139,0.0668638497517218,0,False,inlier_count
right:21,right:5,10000,124,97,32,0.32989690721649484,1.4207570627305857,0.06284269500994491,0.059092168421651894,0,False,inlier_count
left:21,left:6,10000,134,100,41,0.41,1.645802406508698,0.3805515745738938,0.34746145941678613,40,True,accepted
left:21,right:6,10000,143,99,38,0.3838383838383838,1.629574813470924,0.31693103673104256,0.2852940456370678,0,False,inlier_count
right:21,left:6,10000,149,117,45,0.38461538461538464,1.8151404319850213,0.3392636720597389,0.30314819290118944,40,True,accepted
right:21,right:6,10000,148,109,39,0.3577981651376147,1.3893125584035984,0.3134503477925603,0.281828139238086,0,False,inlier_count
left:21,left:7,10000,61,32,0,0.0,,0.0,0.0,0,False,insufficient_mutual_matches
left:21,right:7,10000,62,39,0,0.0,,0.0,0.0,0,False,insufficient_mutual_matches
right:21,left:7,10000,71,44,21,0.4772727272727273,0.852939574150809,0.14538527629740988,0.13632936993110667,0,False,inlier_count
right:21,right:7,10000,67,41,18,0.43902439024390244,1.013138889898319,0.1477669230184112,0.13689228237105383,0,False,inlier_count
left:21,left:4,10000,35,21,0,0.0,,0.0,0.0,0,False,insufficient_mutual_matches
left:21,right:4,10000,42,20,0,0.0,,0.0,0.0,0,False,insufficient_mutual_matches
right:21,left:4,10000,36,19,0,0.0,,0.0,0.0,0,False,insufficient_mutual_matches
right:21,right:4,10000,47,18,0,0.0,,0.0,0.0,0,False,insufficient_mutual_matches
left:21,left:8,10000,47,32,0,0.0,,0.0,0.0,0,False,insufficient_mutual_matches
left:21,right:8,10000,37,25,0,0.0,,0.0,0.0,0,False,insufficient_mutual_matches
right:21,left:8,10000,46,26,0,0.0,,0.0,0.0,0,False,insufficient_mutual_matches
right:21,right:8,10000,48,33,0,0.0,,0.0,0.0,0,False,insufficient_mutual_matches
left:22,right:22,10000,7723,7684,7684,1.0,0.0710989918392874,0.8684406347360015,0.8684274172414912,40,True,accepted
left:22,left:21,10000,712,591,319,0.5397631133671743,1.9132052006426175,0.3737576032882205,0.3299020795346678,40,True,accepted
left:22,right:21,10000,702,588,288,0.4897959183673469,1.6547932517314399,0.2708656308462491,0.24160853970088478,40,True,accepted
right:22,left:21,10000,700,590,295,0.5,1.0838415091896254,0.2856235912873867,0.2571270844482621,40,True,accepted
right:22,right:21,10000,697,574,298,0.519163763066202,1.840442023007541,0.4209819500013096,0.36949177834618524,40,True,accepted
left:22,left:20,10000,67,45,16,0.35555555555555557,1.2419831113984998,0.19363921713092544,0.1685953465984313,0,False,inlier_count
left:22,right:20,10000,79,52,21,0.40384615384615385,1.6511678257417668,0.08494288386743529,0.0769822903293957,0,False,inlier_count
right:22,left:20,10000,55,31,0,0.0,,0.0,0.0,0,False,insufficient_mutual_matches
right:22,right:20,10000,76,47,18,0.3829787234042553,1.4280246490027615,0.09318035426010002,0.08768905522611728,0,False,inlier_count
left:22,left:18,10000,21,10,0,0.0,,0.0,0.0,0,False,insufficient_mutual_matches
left:22,right:18,10000,21,12,0,0.0,,0.0,0.0,0,False,insufficient_mutual_matches
right:22,left:18,10000,22,7,0,0.0,,0.0,0.0,0,False,insufficient_mutual_matches
right:22,right:18,10000,22,10,0,0.0,,0.0,0.0,0,False,insufficient_mutual_matches
left:22,left:5,10000,379,324,217,0.6697530864197531,1.322409680865658,0.028603833851075237,0.02793479922518655,0,False,coverage
left:22,right:5,10000,381,305,217,0.7114754098360656,1.622437618283752,0.12614339786848194,0.11349196708126377,40,True,accepted
right:22,left:5,10000,367,309,216,0.6990291262135923,1.6321176178612835,0.0782158076880058,0.0730333691654321,40,True,accepted
right:22,right:5,10000,381,316,228,0.7215189873417721,1.5303555910776623,0.03911468275252876,0.03783588623836688,40,True,accepted
left:22,left:4,10000,254,200,149,0.745,1.4704299000416667,0.10551933958713484,0.09826154167007677,40,True,accepted
left:22,right:4,10000,251,200,147,0.735,1.294399833592323,0.10050226338919309,0.0931322853462459,40,True,accepted
right:22,left:4,10000,262,218,172,0.7889908256880734,1.636604385797097,0.06153223629290468,0.05812730786700173,40,True,accepted
right:22,right:4,10000,261,217,165,0.7603686635944701,1.4078231405625194,0.14668296085183227,0.13094246392820094,40,True,accepted
left:22,left:3,10000,105,77,57,0.7402597402597403,1.2826383170767046,0.049227781270954646,0.044607891257171364,40,True,accepted
left:22,right:3,10000,91,66,47,0.7121212121212122,1.3915465605102628,0.018286899957587532,0.017195148509465883,0,False,coverage
right:22,left:3,10000,117,87,64,0.735632183908046,1.5529244430319338,0.02673196435140968,0.024859614701865047,0,False,coverage
right:22,right:3,10000,101,76,52,0.6842105263157895,1.3022287927843021,0.022629105696318846,0.02100176186930157,0,False,coverage
left:23,right:23,10000,7673,7636,7636,1.0,0.07975220676409271,0.971565415350825,0.9715469942839843,40,True,accepted
left:23,left:22,10000,788,694,407,0.5864553314121037,1.8727527783828357,0.13578441659606308,0.13805055872013278,40,True,accepted
left:23,right:22,10000,777,681,343,0.5036710719530103,1.6410944003374166,0.3674662129790286,0.36611218950336477,40,True,accepted
right:23,left:22,10000,783,682,454,0.6656891495601173,1.9468282927751908,0.18100487073941748,0.18404466506583764,40,True,accepted
right:23,right:22,10000,802,685,454,0.6627737226277373,1.5554384022064396,0.16887311655836842,0.17375310531886975,40,True,accepted
left:23,left:21,10000,103,73,28,0.3835616438356164,1.3112735796117736,0.1841328673175845,0.15722441419730707,0,False,inlier_count
left:23,right:21,10000,121,85,31,0.36470588235294116,1.856482499363938,0.17983081483351748,0.15174480720848604,0,False,inlier_count
right:23,left:21,10000,115,85,34,0.4,1.5366153395145847,0.15008090169657692,0.13091472717886535,0,False,inlier_count
right:23,right:21,10000,116,91,35,0.38461538461538464,1.4394875796137485,0.03978080267144153,0.03522896692276956,0,False,inlier_count
left:23,left:19,10000,26,9,0,0.0,,0.0,0.0,0,False,insufficient_mutual_matches
left:23,right:19,10000,22,6,0,0.0,,0.0,0.0,0,False,insufficient_mutual_matches
right:23,left:19,10000,23,8,0,0.0,,0.0,0.0,0,False,insufficient_mutual_matches
right:23,right:19,10000,23,2,0,0.0,,0.0,0.0,0,False,insufficient_mutual_matches
left:23,left:4,10000,386,304,168,0.5526315789473685,1.8328449410729095,0.20773588420097028,0.18654169245959076,40,True,accepted
left:23,right:4,10000,386,309,179,0.5792880258899676,1.7222791583356059,0.10868293795043965,0.09766432680530612,40,True,accepted
right:23,left:4,10000,391,301,138,0.4584717607973422,2.06204534727003,0.22538490207581388,0.20382293010492059,40,True,accepted
right:23,right:4,10000,401,307,189,0.6156351791530945,1.8918798099915515,0.14019900138344946,0.12327761734024617,40,True,accepted
left:23,left:3,10000,243,197,111,0.5634517766497462,1.2659969899996937,0.0861713041890452,0.08017238538364618,40,True,accepted
left:23,right:3,10000,223,174,95,0.5459770114942529,1.3206627412048213,0.07777508137102188,0.07275275576624585,40,True,accepted
right:23,left:3,10000,241,182,96,0.5274725274725275,1.2316114445474182,0.09905025193273272,0.09122301396217282,40,True,accepted
right:23,right:3,10000,232,169,83,0.4911242603550296,1.631121279932189,0.060825644407092073,0.05662908986175638,40,True,accepted
left:24,right:24,10000,7804,7758,7758,1.0,0.08432342205959718,0.9668227736742924,0.9668325820095267,40,True,accepted
left:24,left:23,10000,860,696,330,0.47413793103448276,1.5765488840782764,0.3125584636675377,0.322566957795204,40,True,accepted
left:24,right:23,10000,831,680,321,0.47205882352941175,2.1430837083541383,0.21484375501517078,0.22675269493982583,40,True,accepted
right:24,left:23,10000,863,704,325,0.4616477272727273,1.9879884263690442,0.2757790868057365,0.294466458868862,40,True,accepted
right:24,right:23,10000,843,679,322,0.4742268041237113,1.8552616394610577,0.26957658051895117,0.2783372965651421,40,True,accepted
left:24,left:22,10000,166,112,62,0.5535714285714286,1.8204493846151002,0.014280614569140242,0.01653748436962397,0,False,coverage
left:24,right:22,10000,167,107,61,0.5700934579439252,1.9093885617566584,0.03508884731851969,0.040906906075827885,40,True,accepted
right:24,left:22,10000,190,121,69,0.5702479338842975,1.5590001427970734,0.01829653530444955,0.02148047970734171,0,False,coverage
right:24,right:22,10000,169,112,63,0.5625,1.8251102337754264,0.01329531567238275,0.015456510280281074,0,False,coverage
left:24,left:20,10000,37,3,0,0.0,,0.0,0.0,0,False,insufficient_mutual_matches
left:24,right:20,10000,25,3,0,0.0,,0.0,0.0,0,False,insufficient_mutual_matches
right:24,left:20,10000,39,5,0,0.0,,0.0,0.0,0,False,insufficient_mutual_matches
right:24,right:20,10000,33,6,0,0.0,,0.0,0.0,0,False,insufficient_mutual_matches
left:24,left:3,10000,475,373,182,0.4879356568364611,1.3416803592373021,0.26531738461631593,0.26018751362267767,40,True,accepted
left:24,right:3,10000,469,357,200,0.5602240896358543,1.6922992648774022,0.25239961466530886,0.23113948860104466,40,True,accepted
right:24,left:3,10000,495,382,200,0.5235602094240838,1.8941227283725477,0.3074735544998176,0.29810661531368404,40,True,accepted
right:24,right:3,10000,488,375,210,0.56,1.874993607421133,0.2705223984700286,0.25264176114824693,40,True,accepted
left:24,left:1,10000,98,59,30,0.5084745762711864,1.8964190769665852,0.2203302233737622,0.22085836040782703,0,False,inlier_count
left:24,right:1,10000,108,63,36,0.5714285714285714,1.92132169098748,0.2654983632264663,0.2654007227429586,0,False,inlier_count
right:24,left:1,10000,100,62,25,0.4032258064516129,1.2989889621823159,0.16085463927654364,0.16985249702578323,0,False,inlier_count
right:24,right:1,10000,116,72,38,0.5277777777777778,2.153701165015384,0.22380937315442156,0.22445397776681122,0,False,inlier_count
left:24,left:2,10000,413,308,166,0.538961038961039,1.720860721955081,0.28757385738298735,0.2928632761968965,40,True,accepted
left:24,right:2,10000,414,302,180,0.5960264900662252,2.0894614467920998,0.3278678659083809,0.3280651911020716,40,True,accepted
right:24,left:2,10000,422,321,171,0.5327102803738317,1.7293370068311649,0.2806369866633659,0.2845676409662006,40,True,accepted
right:24,right:2,10000,442,330,178,0.5393939393939394,1.923365280416302,0.2933623439551781,0.29643542082804614,40,True,accepted
left:24,left:4,10000,230,153,69,0.45098039215686275,1.7466760804496921,0.06284330411469784,0.06314190509947885,40,True,accepted
left:24,right:4,10000,228,146,74,0.5068493150684932,1.8924447342196526,0.06517246084877712,0.06590976120263203,40,True,accepted
right:24,left:4,10000,238,161,79,0.4906832298136646,1.9011136359361696,0.062300966804762,0.061690158035300986,40,True,accepted
right:24,right:4,10000,235,163,64,0.39263803680981596,2.0274956423135095,0.13724281302376584,0.13484623265700388,40,True,accepted
left:24,left:5,10000,107,54,33,0.6111111111111112,1.3469601225070382,0.012334845263261996,0.014284381106501194,0,False,inlier_count+coverage
left:24,right:5,10000,107,43,31,0.7209302325581395,1.3909029302162865,0.011705157332213412,0.013660978174361725,0,False,inlier_count+coverage
right:24,left:5,10000,113,56,37,0.6607142857142857,1.4302255780545257,0.011941424796530278,0.01378516868284556,0,False,inlier_count+coverage
right:24,right:5,10000,106,50,36,0.72,1.6024611888563889,0.01283279834368828,0.01467087807158734,0,False,inlier_count+coverage
left:24,left:14,10000,32,6,0,0.0,,0.0,0.0,0,False,insufficient_mutual_matches
left:24,right:14,10000,22,3,0,0.0,,0.0,0.0,0,False,insufficient_mutual_matches
right:24,left:14,10000,28,6,0,0.0,,0.0,0.0,0,False,insufficient_mutual_matches
right:24,right:14,10000,36,7,0,0.0,,0.0,0.0,0,False,insufficient_mutual_matches
left:25,right:25,10000,7879,7825,7825,1.0,0.08099369156360292,0.9657867755044011,0.9658035426389892,40,True,accepted
left:25,left:24,10000,2178,1901,1186,0.6238821672803787,1.3134005635984018,0.42745038272583313,0.43605785041325457,40,True,accepted
left:25,right:24,10000,2114,1845,1292,0.7002710027100271,1.5688843973539521,0.43818185545187693,0.4458052986282812,40,True,accepted
right:25,left:24,10000,2117,1879,1223,0.6508781266631187,1.911409813342171,0.47068498721630064,0.4840466747765046,40,True,accepted
right:25,right:24,10000,2121,1868,1181,0.6322269807280514,2.124929423736713,0.47596116530806404,0.492050161949322,40,True,accepted
left:25,left:23,10000,191,121,59,0.48760330578512395,1.332107764444901,0.021840400938881194,0.02839980910624176,0,False,coverage
left:25,right:23,10000,187,124,67,0.5403225806451613,1.4652571340063998,0.019105625472328563,0.024459590328602034,0,False,coverage
right:25,left:23,10000,180,112,55,0.49107142857142855,1.6468104292883774,0.011001410007206402,0.014050196463318192,0,False,coverage
right:25,right:23,10000,185,115,62,0.5391304347826087,1.829270106130215,0.053221003655410805,0.06749080318717716,40,True,accepted
left:25,left:21,10000,27,8,0,0.0,,0.0,0.0,0,False,insufficient_mutual_matches
left:25,right:21,10000,37,11,0,0.0,,0.0,0.0,0,False,insufficient_mutual_matches
right:25,left:21,10000,30,12,0,0.0,,0.0,0.0,0,False,insufficient_mutual_matches
right:25,right:21,10000,36,13,0,0.0,,0.0,0.0,0,False,insufficient_mutual_matches
left:25,left:1,10000,356,261,129,0.4942528735632184,1.8696536696116655,0.2629036065031949,0.27704443349989,40,True,accepted
left:25,right:1,10000,362,246,130,0.5284552845528455,1.733672557218045,0.2793834595576794,0.28776250072153026,40,True,accepted
right:25,left:1,10000,373,278,130,0.4676258992805755,1.828039996740548,0.257585849294447,0.27291436745564607,40,True,accepted
right:25,right:1,10000,385,282,142,0.5035460992907801,2.0242921302079693,0.3121303005364778,0.3217804966754991,40,True,accepted
left:25,left:2,10000,586,453,264,0.5827814569536424,1.9484895923176195,0.3169393765360938,0.3135683210624211,40,True,accepted
left:25,right:2,10000,613,466,262,0.5622317596566524,1.7301486807152453,0.3050268606261344,0.31265991318851893,40,True,accepted
right:25,left:2,10000,597,473,268,0.5665961945031712,1.5377906765122262,0.3116696104032502,0.3171870294332506,40,True,accepted
right:25,right:2,10000,609,473,266,0.5623678646934461,1.8115618445619455,0.3163531560428713,0.32162616756652596,40,True,accepted
left:25,left:13,10000,30,7,0,0.0,,0.0,0.0,0,False,insufficient_mutual_matches
left:25,right:13,10000,40,7,0,0.0,,0.0,0.0,0,False,insufficient_mutual_matches
right:25,left:13,10000,42,13,0,0.0,,0.0,0.0,0,False,insufficient_mutual_matches
right:25,right:13,10000,31,8,0,0.0,,0.0,0.0,0,False,insufficient_mutual_matches
left:25,left:3,10000,253,179,88,0.49162011173184356,1.7634851793758415,0.18643217525335862,0.18506325827764644,40,True,accepted
left:25,right:3,10000,268,177,91,0.5141242937853108,1.555366450753557,0.16316104313410898,0.14555496631134138,40,True,accepted
right:25,left:3,10000,252,172,83,0.48255813953488375,1.9154731673418905,0.2079342942533121,0.20514366048626514,40,True,accepted
right:25,right:3,10000,246,180,96,0.5333333333333333,1.7208968379485192,0.22309806035170732,0.21180675765409585,40,True,accepted
left:25,left:4,10000,88,42,16,0.38095238095238093,1.5916411529917485,0.019883207929042038,0.025009504993088533,0,False,inlier_count+coverage
left:25,right:4,10000,93,46,18,0.391304347826087,1.4609099304887956,0.01881780795529624,0.023715501767037444,0,False,inlier_count+coverage
right:25,left:4,10000,86,40,18,0.45,1.5793165865860948,0.008970620682137229,0.011979937792275292,0,False,inlier_count+coverage
right:25,right:4,10000,91,42,18,0.42857142857142855,1.3818040405597547,0.009239624650796157,0.012256858883857398,0,False,inlier_count+coverage
left:26,right:26,10000,7985,7942,7940,0.9997481742634097,0.07924905273749466,0.967628588476361,0.9676986734122408,40,True,accepted
left:26,left:25,10000,1799,1578,946,0.5994930291508238,1.2174270737540551,0.37885119528747807,0.3887609854249073,40,True,accepted
left:26,right:25,10000,1786,1556,957,0.6150385604113111,1.641483460163673,0.3985721174601611,0.4136308835458522,40,True,accepted
right:26,left:25,10000,1790,1558,933,0.5988446726572529,1.24313411254111,0.3796284542359849,0.3897450942309856,40,True,accepted
right:26,right:25,10000,1808,1548,901,0.5820413436692506,1.8404135949656446,0.43590131857451264,0.45535973486291825,40,True,accepted
left:26,left:24,10000,253,179,67,0.3743016759776536,1.482485878315018,0.18176987346147425,0.19953102723293237,40,True,accepted
left:26,right:24,10000,258,186,71,0.3817204301075269,1.831738121670265,0.19373049074099347,0.21141697531451653,40,True,accepted
right:26,left:24,10000,257,184,59,0.32065217391304346,1.6561417241021241,0.19456114007979072,0.2130710147787426,40,True,accepted
right:26,right:24,10000,256,196,67,0.34183673469387754,1.7499767602609921,0.1860481074331432,0.20394164140607726,40,True,accepted
left:26,left:22,10000,43,5,0,0.0,,0.0,0.0,0,False,insufficient_mutual_matches
left:26,right:22,10000,41,5,0,0.0,,0.0,0.0,0,False,insufficient_mutual_matches
right:26,left:22,10000,45,3,0,0.0,,0.0,0.0,0,False,insufficient_mutual_matches
right:26,right:22,10000,42,7,0,0.0,,0.0,0.0,0,False,insufficient_mutual_matches
left:26,left:1,10000,771,589,324,0.5500848896434635,2.0512206574968035,0.350247533482386,0.3710022562566185,40,True,accepted
left:26,right:1,10000,758,570,331,0.5807017543859649,1.881203372637522,0.2887883435793104,0.2895689156920843,40,True,accepted
right:26,left:1,10000,761,614,334,0.5439739413680782,1.649988575615422,0.2683004318774917,0.26565166627576053,40,True,accepted
right:26,right:1,10000,768,599,348,0.5809682804674458,1.6339495719091086,0.28627525365214884,0.27971444273144647,40,True,accepted
left:26,left:4,10000,55,8,0,0.0,,0.0,0.0,0,False,insufficient_mutual_matches
left:26,right:4,10000,43,11,0,0.0,,0.0,0.0,0,False,insufficient_mutual_matches
right:26,left:4,10000,53,9,0,0.0,,0.0,0.0,0,False,insufficient_mutual_matches
right:26,right:4,10000,53,16,0,0.0,,0.0,0.0,0,False,insufficient_mutual_matches
left:26,left:11,10000,42,7,0,0.0,,0.0,0.0,0,False,insufficient_mutual_matches
left:26,right:11,10000,35,8,0,0.0,,0.0,0.0,0,False,insufficient_mutual_matches
right:26,left:11,10000,40,6,0,0.0,,0.0,0.0,0,False,insufficient_mutual_matches
right:26,right:11,10000,35,4,0,0.0,,0.0,0.0,0,False,insufficient_mutual_matches
left:26,left:10,10000,36,7,0,0.0,,0.0,0.0,0,False,insufficient_mutual_matches
left:26,right:10,10000,31,8,0,0.0,,0.0,0.0,0,False,insufficient_mutual_matches
right:26,left:10,10000,33,5,0,0.0,,0.0,0.0,0,False,insufficient_mutual_matches
right:26,right:10,10000,41,8,0,0.0,,0.0,0.0,0,False,insufficient_mutual_matches
left:26,left:15,10000,29,4,0,0.0,,0.0,0.0,0,False,insufficient_mutual_matches
left:26,right:15,10000,38,6,0,0.0,,0.0,0.0,0,False,insufficient_mutual_matches
right:26,left:15,10000,34,8,0,0.0,,0.0,0.0,0,False,insufficient_mutual_matches
right:26,right:15,10000,35,6,0,0.0,,0.0,0.0,0,False,insufficient_mutual_matches
left:27,right:27,10000,8204,8162,8162,1.0,0.06239055316805358,0.9766451154971916,0.9766561330965072,40,True,accepted
left:27,left:26,10000,1912,1590,1385,0.8710691823899371,1.014213846058847,0.5226014738925513,0.5244400167936437,40,True,accepted
left:27,right:26,10000,1914,1577,1341,0.8503487634749525,0.9859998375717108,0.4659314505203116,0.46515199983635275,40,True,accepted
right:27,left:26,10000,1931,1597,1372,0.8591108328115216,0.9728989843458626,0.5204708208531348,0.5215360717734248,40,True,accepted
right:27,right:26,10000,1920,1575,1343,0.8526984126984127,0.9369287255753657,0.5076602804497202,0.5081111582597921,40,True,accepted
left:27,left:25,10000,199,135,78,0.5777777777777777,1.3615405942412702,0.19865239717114022,0.20139911415356096,40,True,accepted
left:27,right:25,10000,198,132,74,0.5606060606060606,1.7490260724069517,0.19913631421124842,0.20462821485197236,40,True,accepted
right:27,left:25,10000,218,143,83,0.5804195804195804,1.324473638391485,0.2040016999071913,0.20838420856071568,40,True,accepted
right:27,right:25,10000,191,130,72,0.5538461538461539,1.437561844635681,0.18822429253455597,0.19360170412781952,40,True,accepted
left:27,left:23,10000,50,12,0,0.0,,0.0,0.0,0,False,insufficient_mutual_matches
left:27,right:23,10000,32,8,0,0.0,,0.0,0.0,0,False,insufficient_mutual_matches
right:27,left:23,10000,38,7,0,0.0,,0.0,0.0,0,False,insufficient_mutual_matches
right:27,right:23,10000,33,6,0,0.0,,0.0,0.0,0,False,insufficient_mutual_matches
left:27,left:0,10000,353,232,143,0.6163793103448276,1.4829816720852675,0.184115668363683,0.18035088825783865,40,True,accepted
left:27,right:0,10000,355,235,117,0.4978723404255319,1.6949142137109658,0.21888265147948252,0.2100135211320754,40,True,accepted
right:27,left:0,10000,356,255,146,0.5725490196078431,1.6809670835234,0.20507628100155517,0.1993767823815137,40,True,accepted
right:27,right:0,10000,359,242,128,0.5289256198347108,1.493798425905073,0.19980664921821287,0.19385498828995157,40,True,accepted
left:27,left:2,10000,60,30,0,0.0,,0.0,0.0,0,False,insufficient_mutual_matches
left:27,right:2,10000,58,25,0,0.0,,0.0,0.0,0,False,insufficient_mutual_matches
right:27,left:2,10000,59,27,0,0.0,,0.0,0.0,0,False,insufficient_mutual_matches
right:27,right:2,10000,52,28,0,0.0,,0.0,0.0,0,False,insufficient_mutual_matches
left:27,left:17,10000,36,13,0,0.0,,0.0,0.0,0,False,insufficient_mutual_matches
left:27,right:17,10000,27,4,0,0.0,,0.0,0.0,0,False,insufficient_mutual_matches
right:27,left:17,10000,30,11,0,0.0,,0.0,0.0,0,False,insufficient_mutual_matches
right:27,right:17,10000,32,8,0,0.0,,0.0,0.0,0,False,insufficient_mutual_matches
left:27,left:1,10000,201,116,70,0.603448275862069,1.817193816426253,0.18496345475523332,0.18539408668504873,40,True,accepted
left:27,right:1,10000,214,124,77,0.6209677419354839,2.109583852082786,0.1865124355828018,0.18755035100925843,40,True,accepted
right:27,left:1,10000,210,133,72,0.5413533834586466,1.6779918581960043,0.14661928141898414,0.14781150208097218,40,True,accepted
right:27,right:1,10000,209,135,82,0.6074074074074074,1.7886679362702222,0.1511336497851542,0.15500200411697654,40,True,accepted
left:27,left:9,10000,34,4,0,0.0,,0.0,0.0,0,False,insufficient_mutual_matches
left:27,right:9,10000,35,9,0,0.0,,0.0,0.0,0,False,insufficient_mutual_matches
right:27,left:9,10000,38,5,0,0.0,,0.0,0.0,0,False,insufficient_mutual_matches
right:27,right:9,10000,33,8,0,0.0,,0.0,0.0,0,False,insufficient_mutual_matches
left:27,left:15,10000,32,6,0,0.0,,0.0,0.0,0,False,insufficient_mutual_matches
left:27,right:15,10000,38,4,0,0.0,,0.0,0.0,0,False,insufficient_mutual_matches
right:27,left:15,10000,28,3,0,0.0,,0.0,0.0,0,False,insufficient_mutual_matches
right:27,right:15,10000,31,5,0,0.0,,0.0,0.0,0,False,insufficient_mutual_matches
left:27,left:16,10000,25,5,0,0.0,,0.0,0.0,0,False,insufficient_mutual_matches
left:27,right:16,10000,33,3,0,0.0,,0.0,0.0,0,False,insufficient_mutual_matches
right:27,left:16,10000,33,8,0,0.0,,0.0,0.0,0,False,insufficient_mutual_matches
right:27,right:16,10000,40,6,0,0.0,,0.0,0.0,0,False,insufficient_mutual_matches
left:27,left:8,10000,27,4,0,0.0,,0.0,0.0,0,False,insufficient_mutual_matches
left:27,right:8,10000,23,7,0,0.0,,0.0,0.0,0,False,insufficient_mutual_matches
right:27,left:8,10000,37,4,0,0.0,,0.0,0.0,0,False,insufficient_mutual_matches
right:27,right:8,10000,29,5,0,0.0,,0.0,0.0,0,False,insufficient_mutual_matches
left:28,right:28,10002,8030,7984,7984,1.0,0.07081146666299626,0.9818768836201675,0.9819055794197498,40,True,accepted
left:28,left:27,10002,1247,1015,923,0.90935960591133,1.1348322610260904,0.4079943031917943,0.40544288515784205,40,True,accepted
left:28,right:27,10002,1205,966,865,0.8954451345755694,1.0928768872706593,0.41725706402120855,0.41524806112952917,40,True,accepted
right:28,left:27,10000,1218,1002,890,0.8882235528942116,1.1394659761720303,0.4621408880044378,0.45740428602757366,40,True,accepted
right:28,right:27,10000,1163,960,850,0.8854166666666666,1.12618055004699,0.4026658411465882,0.40001030803014254,40,True,accepted
left:28,left:26,10002,327,230,196,0.8521739130434782,1.1543288535341985,0.27386498056107955,0.27089679561193697,40,True,accepted
left:28,right:26,10002,345,239,205,0.8577405857740585,1.2406254998903035,0.257203992840705,0.25261320250166003,40,True,accepted
right:28,left:26,10000,327,247,210,0.8502024291497976,1.1845600018984055,0.25579013003855183,0.2531965926242693,40,True,accepted
right:28,right:26,10000,344,234,202,0.8632478632478633,1.0463352254446754,0.24573742029463347,0.24344997791157183,40,True,accepted
left:28,left:24,10002,44,16,0,0.0,,0.0,0.0,0,False,insufficient_mutual_matches
left:28,right:24,10002,44,14,0,0.0,,0.0,0.0,0,False,insufficient_mutual_matches
right:28,left:24,10000,53,19,0,0.0,,0.0,0.0,0,False,insufficient_mutual_matches
right:28,right:24,10000,58,16,0,0.0,,0.0,0.0,0,False,insufficient_mutual_matches
left:28,left:12,10002,27,5,0,0.0,,0.0,0.0,0,False,insufficient_mutual_matches
left:28,right:12,10002,36,8,0,0.0,,0.0,0.0,0,False,insufficient_mutual_matches
right:28,left:12,10000,28,6,0,0.0,,0.0,0.0,0,False,insufficient_mutual_matches
right:28,right:12,10000,36,8,0,0.0,,0.0,0.0,0,False,insufficient_mutual_matches
left:28,left:18,10002,25,4,0,0.0,,0.0,0.0,0,False,insufficient_mutual_matches
left:28,right:18,10002,26,7,0,0.0,,0.0,0.0,0,False,insufficient_mutual_matches
right:28,left:18,10000,30,9,0,0.0,,0.0,0.0,0,False,insufficient_mutual_matches
right:28,right:18,10000,24,9,0,0.0,,0.0,0.0,0,False,insufficient_mutual_matches
left:28,left:15,10002,28,5,0,0.0,,0.0,0.0,0,False,insufficient_mutual_matches
left:28,right:15,10002,33,4,0,0.0,,0.0,0.0,0,False,insufficient_mutual_matches
right:28,left:15,10000,32,5,0,0.0,,0.0,0.0,0,False,insufficient_mutual_matches
right:28,right:15,10000,35,2,0,0.0,,0.0,0.0,0,False,insufficient_mutual_matches
left:29,right:29,10000,8028,7979,7977,0.9997493420228099,0.0713780132946898,0.9815824436736705,0.9815445906172554,40,True,accepted
left:29,left:28,10000,1395,1202,1002,0.8336106489184693,1.4254759561377113,0.47868382351479527,0.4696357523974568,40,True,accepted
left:29,right:28,10000,1407,1218,1012,0.8308702791461412,1.2502459455334907,0.4711167238291716,0.46289955557584395,40,True,accepted
right:29,left:28,10001,1398,1198,970,0.8096828046744574,1.2499497216211863,0.44458481877461065,0.4393427817951811,40,True,accepted
right:29,right:28,10001,1400,1201,953,0.7935054121565362,1.2038869037823565,0.46391509556529315,0.4580889621751968,40,True,accepted
left:29,left:27,10000,186,103,63,0.6116504854368932,1.325030435758038,0.16362573848852627,0.1604368716034353,40,True,accepted
left:29,right:27,10000,178,101,69,0.6831683168316832,1.414286367367749,0.183884290977669,0.18201785404580623,40,True,accepted
right:29,left:27,10001,201,111,68,0.6126126126126126,1.4091087881071476,0.22979851763850204,0.22414009414866298,40,True,accepted
right:29,right:27,10001,166,100,64,0.64,1.6450153604355036,0.27122249897523026,0.26235643945475035,40,True,accepted
left:29,left:25,10000,136,73,48,0.6575342465753424,1.198267083123916,0.1156912652999751,0.11454586969325638,40,True,accepted
left:29,right:25,10000,117,63,41,0.6507936507936508,1.0703438451367175,0.08376831792203779,0.08246489138809483,40,True,accepted
right:29,left:25,10001,134,70,44,0.6285714285714286,1.5065735587037574,0.14754723214363752,0.14733054893940847,40,True,accepted
right:29,right:25,10001,134,72,47,0.6527777777777778,1.1989826975335462,0.09095051243090436,0.08944482983547422,40,True,accepted
left:29,left:6,10000,28,2,0,0.0,,0.0,0.0,0,False,insufficient_mutual_matches
left:29,right:6,10000,38,4,0,0.0,,0.0,0.0,0,False,insufficient_mutual_matches
right:29,left:6,10001,24,2,0,0.0,,0.0,0.0,0,False,insufficient_mutual_matches
right:29,right:6,10001,29,4,0,0.0,,0.0,0.0,0,False,insufficient_mutual_matches
left:30,right:30,10000,8011,7963,7962,0.999874419188748,0.0678191242877516,0.9757045330492172,0.9757373074652657,40,True,accepted
left:30,left:29,10000,931,760,408,0.5368421052631579,2.056815995669115,0.3249556249762647,0.3222198714213885,40,True,accepted
left:30,right:29,10000,946,760,419,0.5513157894736842,1.5331542219055558,0.46291617801711177,0.4489483799400078,40,True,accepted
right:30,left:29,10000,938,735,410,0.5578231292517006,1.6946643412901987,0.46367565632269414,0.45021314081795333,40,True,accepted
right:30,right:29,10000,951,748,433,0.5788770053475936,1.6848509128252915,0.48422114885222933,0.4699093224144288,40,True,accepted
left:30,left:28,10000,173,93,54,0.5806451612903226,1.2518717335083698,0.16176414384723525,0.16092853148403996,40,True,accepted
left:30,right:28,10000,180,101,56,0.5544554455445545,1.068712422590193,0.16915310992150193,0.16811337784513083,40,True,accepted
right:30,left:28,10000,187,93,54,0.5806451612903226,1.1661920204914258,0.24385380216557273,0.23641293126014898,40,True,accepted
right:30,right:28,10000,177,102,59,0.5784313725490197,1.0196603514671805,0.1819373331872705,0.18040990795488746,40,True,accepted
left:30,left:26,10000,376,271,189,0.6974169741697417,1.4554915554132075,0.22143595396535679,0.22200974193653178,40,True,accepted
left:30,right:26,10000,366,272,200,0.7352941176470589,1.5287385074010542,0.2466554206604922,0.24493903706624706,40,True,accepted
right:30,left:26,10000,371,270,177,0.6555555555555556,1.5978464288672316,0.145512258071884,0.15037987305431605,40,True,accepted
right:30,right:26,10000,361,267,203,0.7602996254681648,1.8042177179357257,0.24685219711687492,0.2421867760099606,40,True,accepted
left:31,right:31,10000,8062,8019,8019,1.0,0.07192329053194038,0.9809751458949605,0.9809541864924566,40,True,accepted
left:31,left:30,10000,1820,1606,801,0.4987546699875467,1.6698084872274124,0.441363870195479,0.43435569507327443,40,True,accepted
left:31,right:30,10000,1820,1622,875,0.5394574599260172,1.5195060539616565,0.3764018759349841,0.3704097031128079,40,True,accepted
right:31,left:30,10000,1837,1602,871,0.5436953807740325,1.5786322916234314,0.4102462484245764,0.40358559374376535,40,True,accepted
right:31,right:30,10000,1840,1628,843,0.5178132678132679,1.4908912561773278,0.3983966920266642,0.39159546582415594,40,True,accepted
left:31,left:29,10000,155,91,46,0.5054945054945055,1.2899175999257317,0.1101001046627592,0.10726886893729318,40,True,accepted
left:31,right:29,10000,141,90,45,0.5,1.2415077291408538,0.10558586176831462,0.10328623288234182,40,True,accepted
right:31,left:29,10000,137,82,42,0.5121951219512195,1.693435557379842,0.12693902134888077,0.12244989688690872,40,True,accepted
right:31,right:29,10000,132,80,39,0.4875,1.2283633449594815,0.13594466636556068,0.13279250406356946,0,False,inlier_count
left:31,left:27,10000,49,22,0,0.0,,0.0,0.0,0,False,insufficient_mutual_matches
left:31,right:27,10000,54,20,0,0.0,,0.0,0.0,0,False,insufficient_mutual_matches
right:31,left:27,10000,46,16,0,0.0,,0.0,0.0,0,False,insufficient_mutual_matches
right:31,right:27,10000,64,27,0,0.0,,0.0,0.0,0,False,insufficient_mutual_matches
left:31,left:4,10000,50,16,0,0.0,,0.0,0.0,0,False,insufficient_mutual_matches
left:31,right:4,10000,59,18,0,0.0,,0.0,0.0,0,False,insufficient_mutual_matches
right:31,left:4,10000,50,20,0,0.0,,0.0,0.0,0,False,insufficient_mutual_matches
right:31,right:4,10000,64,23,0,0.0,,0.0,0.0,0,False,insufficient_mutual_matches
left:31,left:14,10000,30,8,0,0.0,,0.0,0.0,0,False,insufficient_mutual_matches
left:31,right:14,10000,30,8,0,0.0,,0.0,0.0,0,False,insufficient_mutual_matches
right:31,left:14,10000,23,5,0,0.0,,0.0,0.0,0,False,insufficient_mutual_matches
right:31,right:14,10000,31,5,0,0.0,,0.0,0.0,0,False,insufficient_mutual_matches
left:32,right:32,10001,7902,7855,7854,0.9998726925525143,0.07654007350837085,0.9692623468688202,0.9693147006875646,40,True,accepted
left:32,left:31,10001,2020,1820,849,0.4664835164835165,1.3622362955105676,0.3463387682097534,0.3442607716061641,40,True,accepted
left:32,right:31,10001,2016,1820,878,0.4824175824175824,1.4146737717366928,0.316810161674848,0.3149478624196741,40,True,accepted
right:32,left:31,10001,1996,1785,810,0.453781512605042,1.317643038287037,0.34164887918375236,0.33921145012134335,40,True,accepted
right:32,right:31,10001,2050,1848,862,0.46645021645021645,1.4204749939820631,0.3849478327601952,0.37997695697423056,40,True,accepted
left:32,left:30,10001,262,190,130,0.6842105263157895,1.0825358982500313,0.0987342290888552,0.09592563836939784,40,True,accepted
left:32,right:30,10001,260,198,132,0.6666666666666666,1.0678205004868446,0.15819950012134198,0.15422119109384352,40,True,accepted
right:32,left:30,10001,267,196,124,0.6326530612244898,1.0803698354208584,0.09636284178165325,0.09333796386949592,40,True,accepted
right:32,right:30,10001,280,221,131,0.5927601809954751,1.0649974448190218,0.09971725593104395,0.0967423350987067,40,True,accepted
left:32,left:28,10001,36,7,0,0.0,,0.0,0.0,0,False,insufficient_mutual_matches
left:32,right:28,10001,42,5,0,0.0,,0.0,0.0,0,False,insufficient_mutual_matches
right:32,left:28,10001,25,4,0,0.0,,0.0,0.0,0,False,insufficient_mutual_matches
right:32,right:28,10001,34,3,0,0.0,,0.0,0.0,0,False,insufficient_mutual_matches
left:33,right:33,10000,7858,7802,7801,0.9998718277364779,0.07332888696580894,0.9517395075011871,0.9517049460828857,40,True,accepted
left:33,left:32,10000,1282,1123,466,0.41495992876224397,1.2833268605267696,0.3608326399590607,0.3616162739804685,40,True,accepted
left:33,right:32,10000,1301,1136,470,0.4137323943661972,1.8477364468551618,0.2733377338474898,0.27463744422818276,40,True,accepted
right:33,left:32,10000,1289,1126,463,0.411190053285968,1.3068406095723253,0.27979167151891937,0.27871038295195166,40,True,accepted
right:33,right:32,10000,1360,1203,505,0.4197838736492103,1.5029241264006195,0.27216636161478497,0.270997730789672,40,True,accepted
left:33,left:31,10000,226,171,72,0.42105263157894735,1.3920327547486002,0.11479190055595359,0.10792381782202431,40,True,accepted
left:33,right:31,10000,244,187,80,0.42780748663101603,1.5608279650734578,0.13889610560665794,0.13450040081208062,40,True,accepted
right:33,left:31,10000,236,182,84,0.46153846153846156,1.8349819270172603,0.15874073590697013,0.1527638640563612,40,True,accepted
right:33,right:31,10000,265,202,94,0.46534653465346537,1.8716949248202719,0.16721085049620255,0.16321560389129813,40,True,accepted
left:33,left:29,10000,28,8,0,0.0,,0.0,0.0,0,False,insufficient_mutual_matches
left:33,right:29,10000,31,8,0,0.0,,0.0,0.0,0,False,insufficient_mutual_matches
right:33,left:29,10000,31,9,0,0.0,,0.0,0.0,0,False,insufficient_mutual_matches
right:33,right:29,10000,33,11,0,0.0,,0.0,0.0,0,False,insufficient_mutual_matches
left:33,left:23,10000,208,150,91,0.6066666666666667,1.6387609689625164,0.1419753058575044,0.1614721639401649,40,True,accepted
left:33,right:23,10000,211,142,80,0.5633802816901409,1.4346830950569252,0.048610390784037956,0.05573308629251183,40,True,accepted
right:33,left:23,10000,182,145,86,0.593103448275862,1.1369700993831147,0.05316247755669345,0.059720330800009845,40,True,accepted
right:33,right:23,10000,207,139,76,0.5467625899280576,1.4882194433555067,0.15665727409025512,0.17120463792018553,40,True,accepted
left:33,left:12,10000,29,8,0,0.0,,0.0,0.0,0,False,insufficient_mutual_matches
left:33,right:12,10000,24,4,0,0.0,,0.0,0.0,0,False,insufficient_mutual_matches
right:33,left:12,10000,21,5,0,0.0,,0.0,0.0,0,False,insufficient_mutual_matches
right:33,right:12,10000,31,5,0,0.0,,0.0,0.0,0,False,insufficient_mutual_matches
left:33,left:11,10000,25,7,0,0.0,,0.0,0.0,0,False,insufficient_mutual_matches
left:33,right:11,10000,26,4,0,0.0,,0.0,0.0,0,False,insufficient_mutual_matches
right:33,left:11,10000,27,7,0,0.0,,0.0,0.0,0,False,insufficient_mutual_matches
right:33,right:11,10000,29,3,0,0.0,,0.0,0.0,0,False,insufficient_mutual_matches
left:34,right:34,10000,7965,7915,7914,0.9998736576121289,0.06839050727245437,0.9788496558990417,0.9788439573832493,40,True,accepted
left:34,left:33,10000,1183,1033,516,0.4995159728944821,1.3245617407374146,0.1646150709313141,0.17067241056463445,40,True,accepted
left:34,right:33,10000,1173,1036,590,0.5694980694980695,1.3485390658686676,0.30977915257715904,0.3167266754675955,40,True,accepted
right:34,left:33,10000,1232,1087,583,0.5363385464581417,1.3983432859397162,0.2956159570662781,0.3005143923873426,40,True,accepted
right:34,right:33,10000,1235,1092,604,0.5531135531135531,1.3062305584514413,0.2861799790663001,0.29175003858637183,40,True,accepted
left:34,left:32,10000,227,161,72,0.4472049689440994,1.6061470222206007,0.06775855043335188,0.0691041731858879,40,True,accepted
left:34,right:32,10000,225,172,78,0.45348837209302323,1.6243792083409794,0.06942693318409304,0.06956177153628981,40,True,accepted
right:34,left:32,10000,222,163,79,0.48466257668711654,1.5286256794543875,0.06695297682846117,0.0672464646042891,40,True,accepted
right:34,right:32,10000,237,180,82,0.45555555555555555,1.4848569743715918,0.13716911324566824,0.1372853533181219,40,True,accepted
left:34,left:30,10000,37,10,0,0.0,,0.0,0.0,0,False,insufficient_mutual_matches
left:34,right:30,10000,21,5,0,0.0,,0.0,0.0,0,False,insufficient_mutual_matches
right:34,left:30,10000,26,5,0,0.0,,0.0,0.0,0,False,insufficient_mutual_matches
right:34,right:30,10000,30,7,0,0.0,,0.0,0.0,0,False,insufficient_mutual_matches
left:34,left:22,10000,114,84,29,0.34523809523809523,1.740180636939884,0.13330667964260892,0.14820029923555972,0,False,inlier_count
left:34,right:22,10000,111,77,28,0.36363636363636365,1.8507101045613121,0.15926955714214744,0.1757835018971507,0,False,inlier_count
right:34,left:22,10000,114,81,31,0.38271604938271603,1.67068506936141,0.18698206340932266,0.19868789698817993,0,False,inlier_count
right:34,right:22,10000,110,71,25,0.352112676056338,1.6773527421390455,0.03051506776372406,0.03294321830627252,0,False,inlier_count
left:34,left:21,10000,218,165,57,0.34545454545454546,1.875896409240923,0.5050897083513164,0.47915832031030403,40,True,accepted
left:34,right:21,10000,238,184,69,0.375,1.5359007754203005,0.47048297769041264,0.44718181030220405,40,True,accepted
right:34,left:21,10000,216,158,62,0.3924050632911392,1.6839414440384681,0.4991281041113881,0.47233122383718906,40,True,accepted
right:34,right:21,10000,221,165,64,0.3878787878787879,1.9060204966517813,0.5014011208546442,0.4762487359634413,40,True,accepted
left:34,left:14,10000,24,5,0,0.0,,0.0,0.0,0,False,insufficient_mutual_matches
left:34,right:14,10000,22,7,0,0.0,,0.0,0.0,0,False,insufficient_mutual_matches
right:34,left:14,10000,26,7,0,0.0,,0.0,0.0,0,False,insufficient_mutual_matches
right:34,right:14,10000,26,8,0,0.0,,0.0,0.0,0,False,insufficient_mutual_matches
left:34,left:4,10000,26,7,0,0.0,,0.0,0.0,0,False,insufficient_mutual_matches
left:34,right:4,10000,28,7,0,0.0,,0.0,0.0,0,False,insufficient_mutual_matches
right:34,left:4,10000,26,8,0,0.0,,0.0,0.0,0,False,insufficient_mutual_matches
right:34,right:4,10000,25,7,0,0.0,,0.0,0.0,0,False,insufficient_mutual_matches
left:34,left:20,10000,117,77,31,0.4025974025974026,1.6537629232261326,0.20637707933375327,0.18804624511566026,0,False,inlier_count
left:34,right:20,10000,117,63,33,0.5238095238095238,1.3271116285698994,0.23546335222687922,0.2143402884242327,0,False,inlier_count
right:34,left:20,10000,128,76,42,0.5526315789473685,1.286012426763362,0.24516365331521564,0.22176256392575838,40,True,accepted
right:34,right:20,10000,108,60,33,0.55,1.2686054264419782,0.2512581600679283,0.22803771863757746,0,False,inlier_count
left:35,right:35,10000,7956,7893,7891,0.9997466109210693,0.07151536252602,0.9776430771545448,0.9776749402902509,40,True,accepted
left:35,left:34,10000,1076,931,528,0.5671321160042965,1.3059659658310356,0.34869981757341484,0.36191867973510766,40,True,accepted
left:35,right:34,10000,1112,972,555,0.5709876543209876,1.230005235361272,0.3343822345298477,0.34639879368758136,40,True,accepted
right:35,left:34,10000,1055,902,511,0.5665188470066519,1.1526188364863736,0.3291784170854197,0.33929803220766264,40,True,accepted
right:35,right:34,10000,1092,939,527,0.5612353567625133,1.322985678208391,0.32223535526541386,0.330682409824472,40,True,accepted
left:35,left:33,10000,199,144,89,0.6180555555555556,1.5934081011926373,0.09782630499700413,0.10015453220547567,40,True,accepted
left:35,right:33,10000,219,151,90,0.5960264900662252,1.720824166237663,0.038290739625602595,0.0396005686719849,40,True,accepted
right:35,left:33,10000,194,143,74,0.5174825174825175,1.297121412816921,0.07371330079920765,0.07680517670124028,40,True,accepted
right:35,right:33,10000,205,149,91,0.610738255033557,1.616970147370636,0.13230740758478182,0.13964126527989826,40,True,accepted
left:35,left:31,10000,43,9,0,0.0,,0.0,0.0,0,False,insufficient_mutual_matches
left:35,right:31,10000,36,11,0,0.0,,0.0,0.0,0,False,insufficient_mutual_matches
right:35,left:31,10000,36,6,0,0.0,,0.0,0.0,0,False,insufficient_mutual_matches
right:35,right:31,10000,39,9,0,0.0,,0.0,0.0,0,False,insufficient_mutual_matches
left:35,left:20,10000,219,165,66,0.4,2.2396737812160707,0.25278374437144774,0.25540972158467456,40,True,accepted
left:35,right:20,10000,212,159,65,0.4088050314465409,1.6190346937285731,0.17440259301735406,0.18111252450316692,40,True,accepted
right:35,left:20,10000,203,153,64,0.41830065359477125,1.685098051539946,0.1512487185362687,0.15727945460103077,40,True,accepted
right:35,right:20,10000,196,137,57,0.41605839416058393,1.5615162584488187,0.15927845562979975,0.15611153229631958,40,True,accepted
left:35,left:1,10000,18,4,0,0.0,,0.0,0.0,0,False,insufficient_mutual_matches
left:35,right:1,10000,25,3,0,0.0,,0.0,0.0,0,False,insufficient_mutual_matches
right:35,left:1,10000,24,3,0,0.0,,0.0,0.0,0,False,insufficient_mutual_matches
right:35,right:1,10000,24,4,0,0.0,,0.0,0.0,0,False,insufficient_mutual_matches
left:35,left:21,10000,114,65,27,0.4153846153846154,1.2886945634176388,0.11020885283223099,0.11036500537741868,0,False,inlier_count
left:35,right:21,10000,117,63,27,0.42857142857142855,1.3750853674647427,0.11741614396823442,0.11805388399479404,0,False,inlier_count
right:35,left:21,10000,116,63,29,0.4603174603174603,1.7189990466895624,0.1369979384647112,0.13329413222076297,0,False,inlier_count
right:35,right:21,10000,116,64,28,0.4375,1.209073915650873,0.12783297421028986,0.12649488040565826,0,False,inlier_count
left:35,left:18,10000,102,73,32,0.4383561643835616,1.5427251079409534,0.10273992730296648,0.08585128790836886,0,False,inlier_count
left:35,right:18,10000,112,78,40,0.5128205128205128,1.7964487920154313,0.09957050249343777,0.08977188718233955,40,True,accepted
right:35,left:18,10000,112,71,33,0.4647887323943662,1.5555734954681628,0.051624852257334264,0.04770044665285016,0,False,inlier_count
right:35,right:18,10000,101,66,36,0.5454545454545454,1.8400861031010782,0.10301095281369392,0.09227974989041009,0,False,inlier_count
left:35,left:19,10000,162,119,66,0.5546218487394958,1.704366922115712,0.23518153973507125,0.21498280133010436,40,True,accepted
left:35,right:19,10000,165,118,61,0.5169491525423728,1.621278657095204,0.18768306964979373,0.17182010470328687,40,True,accepted
right:35,left:19,10000,144,111,57,0.5135135135135135,1.5351907965893323,0.24356797948492645,0.21867201261933986,40,True,accepted
right:35,right:19,10000,137,103,60,0.5825242718446602,1.6553522141301298,0.24489915131669954,0.2180600836923084,40,True,accepted
left:36,right:36,10000,7987,7911,7908,0.999620781190747,0.07381310827065247,0.9733272353069057,0.9733218967646852,40,True,accepted
left:36,left:35,10000,932,771,444,0.5758754863813229,1.8782934410585992,0.3038051045529001,0.311533567749473,40,True,accepted
left:36,right:35,10000,935,777,420,0.5405405405405406,1.1664466608369066,0.25589020871250545,0.2631757421848449,40,True,accepted
right:36,left:35,10000,911,752,400,0.5319148936170213,1.20007543440894,0.22554598639060544,0.23351137132494176,40,True,accepted
right:36,right:35,10000,927,755,422,0.5589403973509933,1.5555720858411746,0.2998560225305915,0.3070585884759943,40,True,accepted
left:36,left:34,10000,182,124,50,0.4032258064516129,1.5329133416863068,0.11234197114904015,0.11704333653158587,40,True,accepted
left:36,right:34,10000,178,123,53,0.43089430894308944,1.5757665828087344,0.10227532510247049,0.10848637982975247,40,True,accepted
right:36,left:34,10000,178,126,56,0.4444444444444444,1.8870991133741024,0.15952661480596844,0.16643366398246384,40,True,accepted
right:36,right:34,10000,177,127,55,0.4330708661417323,1.3589410962673851,0.1421422260403231,0.14837756899457033,40,True,accepted
left:36,left:32,10000,30,5,0,0.0,,0.0,0.0,0,False,insufficient_mutual_matches
left:36,right:32,10000,26,4,0,0.0,,0.0,0.0,0,False,insufficient_mutual_matches
right:36,left:32,10000,32,3,0,0.0,,0.0,0.0,0,False,insufficient_mutual_matches
right:36,right:32,10000,18,3,0,0.0,,0.0,0.0,0,False,insufficient_mutual_matches
left:36,left:19,10000,303,228,108,0.47368421052631576,1.5837666382351203,0.3432383535289451,0.31602318426034476,40,True,accepted
left:36,right:19,10000,296,225,102,0.4533333333333333,1.696150382398388,0.32016235869862747,0.2949554996777845,40,True,accepted
right:36,left:19,10000,296,224,105,0.46875,1.8069637854916183,0.35238596673178524,0.3213118742963909,40,True,accepted
right:36,right:19,10000,287,216,92,0.42592592592592593,1.6711770434745281,0.26159980565186935,0.23490374639681738,40,True,accepted
left:36,left:8,10000,114,67,29,0.43283582089552236,1.5807645273667021,0.05814429465734828,0.04750280398185765,0,False,inlier_count
left:36,right:8,10000,145,74,34,0.4594594594594595,1.6264669675933827,0.09599930847612037,0.0741060128213527,0,False,inlier_count
right:36,left:8,10000,114,60,28,0.4666666666666667,1.6246767762146186,0.0500924769232686,0.03904313693915916,0,False,inlier_count
right:36,right:8,10000,131,70,30,0.42857142857142855,1.6548132822766322,0.1129379166396327,0.08703106269688962,0,False,inlier_count
left:36,left:14,10000,37,10,0,0.0,,0.0,0.0,0,False,insufficient_mutual_matches
left:36,right:14,10000,28,8,0,0.0,,0.0,0.0,0,False,insufficient_mutual_matches
right:36,left:14,10000,31,10,0,0.0,,0.0,0.0,0,False,insufficient_mutual_matches
right:36,right:14,10000,27,9,0,0.0,,0.0,0.0,0,False,insufficient_mutual_matches
left:36,left:18,10000,223,174,80,0.45977011494252873,1.4391059373113075,0.2529327220192112,0.22603511153996916,40,True,accepted
left:36,right:18,10000,213,173,78,0.4508670520231214,1.5074404456039614,0.23979045551647796,0.21343039384699392,40,True,accepted
right:36,left:18,10000,226,180,82,0.45555555555555555,1.5486702012043672,0.24273718327861427,0.2167995566558711,40,True,accepted
right:36,right:18,10000,229,175,81,0.46285714285714286,1.5396673962778047,0.2423834566060553,0.2165383680083084,40,True,accepted
left:36,left:26,10000,25,6,0,0.0,,0.0,0.0,0,False,insufficient_mutual_matches
left:36,right:26,10000,20,5,0,0.0,,0.0,0.0,0,False,insufficient_mutual_matches
right:36,left:26,10000,29,7,0,0.0,,0.0,0.0,0,False,insufficient_mutual_matches
right:36,right:26,10000,26,8,0,0.0,,0.0,0.0,0,False,insufficient_mutual_matches
left:36,left:20,10000,254,143,62,0.43356643356643354,1.6883272184576417,0.20018198085293176,0.19733026441581838,40,True,accepted
left:36,right:20,10000,240,142,65,0.45774647887323944,2.1174626103399703,0.1481266884114222,0.15762609294948662,40,True,accepted
right:36,left:20,10000,245,140,57,0.40714285714285714,1.637177592261892,0.232700055163516,0.2228013722785821,40,True,accepted
right:36,right:20,10000,226,133,56,0.42105263157894735,1.3735121123465446,0.1398512071305857,0.13832487481608557,40,True,accepted
left:36,left:10,10000,66,25,0,0.0,,0.0,0.0,0,False,insufficient_mutual_matches
left:36,right:10,10000,57,28,0,0.0,,0.0,0.0,0,False,insufficient_mutual_matches
right:36,left:10,10000,70,34,0,0.0,,0.0,0.0,0,False,insufficient_mutual_matches
right:36,right:10,10000,64,32,0,0.0,,0.0,0.0,0,False,insufficient_mutual_matches
left:36,left:11,10000,59,14,0,0.0,,0.0,0.0,0,False,insufficient_mutual_matches
left:36,right:11,10000,43,10,0,0.0,,0.0,0.0,0,False,insufficient_mutual_matches
right:36,left:11,10000,49,15,0,0.0,,0.0,0.0,0,False,insufficient_mutual_matches
right:36,right:11,10000,44,14,0,0.0,,0.0,0.0,0,False,insufficient_mutual_matches
left:37,right:37,10001,8088,8006,7992,0.9982513115163627,0.07836941774577116,0.9717759890112911,0.9717658404520282,40,True,accepted
left:37,left:36,10001,972,735,313,0.42585034013605444,1.7524308168577603,0.5401777126300739,0.5581440732662689,40,True,accepted
left:37,right:36,10001,939,717,310,0.43235704323570434,1.8546895350851007,0.5582965696036833,0.5778456263360913,40,True,accepted
right:37,left:36,10001,972,757,316,0.41743725231175693,2.0137265159196187,0.5388167422678478,0.5534770979306307,40,True,accepted
right:37,right:36,10001,928,721,291,0.40360610263522884,1.9239225588948363,0.5624033292413863,0.5797727943700394,40,True,accepted
left:37,left:35,10001,215,134,58,0.43283582089552236,1.4868495244574955,0.11976003188653477,0.12726940744511298,40,True,accepted
left:37,right:35,10001,206,129,58,0.4496124031007752,1.5192639116231348,0.12092461622516427,0.12843246995541974,40,True,accepted
right:37,left:35,10001,209,129,53,0.4108527131782946,1.5832914502695452,0.13017593826397592,0.13810456434158533,40,True,accepted
right:37,right:35,10001,202,133,55,0.41353383458646614,1.7477918776824442,0.20589663971664363,0.22138818491655313,40,True,accepted
left:37,left:33,10001,35,7,0,0.0,,0.0,0.0,0,False,insufficient_mutual_matches
left:37,right:33,10001,45,9,0,0.0,,0.0,0.0,0,False,insufficient_mutual_matches
right:37,left:33,10001,42,7,0,0.0,,0.0,0.0,0,False,insufficient_mutual_matches
right:37,right:33,10001,41,7,0,0.0,,0.0,0.0,0,False,insufficient_mutual_matches
left:37,left:18,10001,520,410,171,0.4170731707317073,1.9538813236266213,0.4067083175914565,0.36791663442740813,40,True,accepted
left:37,right:18,10001,533,412,164,0.39805825242718446,1.7404391298268176,0.2358899725585343,0.22098008803747632,40,True,accepted
right:37,left:18,10001,509,413,162,0.3922518159806295,1.5442892315519159,0.2561890107708208,0.23095914269114273,40,True,accepted
right:37,right:18,10001,515,404,165,0.4084158415841584,1.5493120198880388,0.29437753258834526,0.26878452713011813,40,True,accepted
left:37,left:17,10001,345,265,104,0.39245283018867927,1.4827740226042356,0.14065024406970572,0.1254058912020826,40,True,accepted
left:37,right:17,10001,329,247,91,0.3684210526315789,1.6503468396086451,0.13003049792768018,0.11904153201264624,40,True,accepted
right:37,left:17,10001,370,276,113,0.40942028985507245,1.4495367407202238,0.19597148734054756,0.18210570085262032,40,True,accepted
right:37,right:17,10001,355,260,103,0.39615384615384613,1.5322463496039764,0.13855687919480195,0.12698477046946433,40,True,accepted
left:37,left:9,10001,201,126,49,0.3888888888888889,1.6379720498891788,0.10760491824339362,0.0805991649051605,40,True,accepted
left:37,right:9,10001,199,126,55,0.4365079365079365,1.702426806116678,0.11889183263504394,0.0900383309983096,40,True,accepted
right:37,left:9,10001,202,121,54,0.4462809917355372,1.677449622130391,0.12148706406780511,0.09294367170027792,40,True,accepted
right:37,right:9,10001,209,126,54,0.42857142857142855,1.9718850187218901,0.12927761553585515,0.10084166627562155,40,True,accepted
left:37,left:16,10001,181,106,66,0.6226415094339622,1.5325605674286693,0.2117423412421326,0.18413668082264875,40,True,accepted
left:37,right:16,10001,193,114,62,0.543859649122807,1.9854067034434348,0.21788985506323796,0.1863594377247205,40,True,accepted
right:37,left:16,10001,186,115,73,0.6347826086956522,1.8390498066482772,0.22175269357152436,0.1912327487502875,40,True,accepted
right:37,right:16,10001,197,113,68,0.6017699115044248,1.9540205567307694,0.22827819388884932,0.1968785712959043,40,True,accepted
left:37,left:3,10001,29,4,0,0.0,,0.0,0.0,0,False,insufficient_mutual_matches
left:37,right:3,10001,17,3,0,0.0,,0.0,0.0,0,False,insufficient_mutual_matches
right:37,left:3,10001,21,3,0,0.0,,0.0,0.0,0,False,insufficient_mutual_matches
right:37,right:3,10001,18,6,0,0.0,,0.0,0.0,0,False,insufficient_mutual_matches
left:37,left:13,10001,61,17,0,0.0,,0.0,0.0,0,False,insufficient_mutual_matches
left:37,right:13,10001,50,20,0,0.0,,0.0,0.0,0,False,insufficient_mutual_matches
right:37,left:13,10001,67,19,0,0.0,,0.0,0.0,0,False,insufficient_mutual_matches
right:37,right:13,10001,59,23,0,0.0,,0.0,0.0,0,False,insufficient_mutual_matches
left:37,left:8,10001,242,90,29,0.32222222222222224,1.2776885349152662,0.1485645555511436,0.12542244839719927,0,False,inlier_count
left:37,right:8,10001,253,98,38,0.3877551020408163,1.8029195771794477,0.06781041963499271,0.06090059481363089,0,False,inlier_count
right:37,left:8,10001,246,89,35,0.39325842696629215,1.931172151340757,0.06878902755189878,0.06190047219510808,0,False,inlier_count
right:37,right:8,10001,239,95,42,0.4421052631578947,2.142914662148697,0.07751924967544417,0.06867422714641137,40,True,accepted
left:37,left:19,10001,356,208,85,0.40865384615384615,1.898446830949912,0.18954691345557018,0.18446936502631342,40,True,accepted
left:37,right:19,10001,329,200,74,0.37,1.8435609735052076,0.2188420460864825,0.20146349990148352,40,True,accepted
right:37,left:19,10001,368,220,93,0.42272727272727273,1.7483658735712837,0.2700915224626268,0.2533821218155757,40,True,accepted
right:37,right:19,10001,323,201,88,0.43781094527363185,1.8788740806012776,0.12145634969933879,0.12471813871516882,40,True,accepted
left:38,right:38,10000,8085,7985,7974,0.9986224170319349,0.07822205304100228,0.9596825659515401,0.9596470026848262,40,True,accepted
left:38,left:37,10000,1278,1060,418,0.39433962264150946,2.0189350791341854,0.4483868559562668,0.4591829342524031,40,True,accepted
left:38,right:37,10000,1333,1106,448,0.4050632911392405,1.9589938528351187,0.43824786028122026,0.44865476198595833,40,True,accepted
right:38,left:37,10002,1293,1075,407,0.3786046511627907,1.9301169195161836,0.43529129620465545,0.445053654910847,40,True,accepted
right:38,right:37,10002,1365,1116,383,0.3431899641577061,1.2484191122714605,0.4653200008122533,0.4748987705874779,40,True,accepted
left:38,left:36,10000,279,178,68,0.38202247191011235,1.3526654717531745,0.09404186420111582,0.10221375134270276,40,True,accepted
left:38,right:36,10000,308,196,80,0.40816326530612246,1.6430805343090154,0.14407181779184128,0.15368297224544772,40,True,accepted
right:38,left:36,10002,302,181,78,0.430939226519337,1.6926289422953442,0.11474141493264087,0.12197114301762958,40,True,accepted
right:38,right:36,10002,318,194,79,0.4072164948453608,1.7941859308498385,0.10136462923603333,0.10902121060977807,40,True,accepted
left:38,left:34,10000,51,12,0,0.0,,0.0,0.0,0,False,insufficient_mutual_matches
left:38,right:34,10000,62,18,0,0.0,,0.0,0.0,0,False,insufficient_mutual_matches
right:38,left:34,10002,54,12,0,0.0,,0.0,0.0,0,False,insufficient_mutual_matches
right:38,right:34,10002,59,16,0,0.0,,0.0,0.0,0,False,insufficient_mutual_matches
left:38,left:17,10000,560,408,167,0.40931372549019607,1.7512415793668306,0.45150978604472725,0.42972457729028224,40,True,accepted
left:38,right:17,10000,521,403,186,0.46153846153846156,1.8714109813052857,0.45038809917806555,0.42485308760003165,40,True,accepted
right:38,left:17,10002,556,416,174,0.4182692307692308,1.6809064793358357,0.2379156231140858,0.2164487959433258,40,True,accepted
right:38,right:17,10002,532,411,190,0.46228710462287104,1.9845843584792369,0.4407644202566045,0.40668698158037103,40,True,accepted
left:38,left:9,10000,235,116,49,0.4224137931034483,2.027222373583386,0.17516565310937565,0.1427718474100098,40,True,accepted
left:38,right:9,10000,233,134,61,0.4552238805970149,1.5664945550988654,0.17659613461855034,0.1433642693074158,40,True,accepted
right:38,left:9,10002,246,120,56,0.4666666666666667,1.533443150458439,0.14075301114967959,0.1137542219716827,40,True,accepted
right:38,right:9,10002,228,130,62,0.47692307692307695,1.6743616314895096,0.17822682832813655,0.1452002519969032,40,True,accepted
left:38,left:18,10000,389,272,128,0.47058823529411764,1.6053153427909288,0.33399000602106527,0.3113637100235687,40,True,accepted
left:38,right:18,10000,412,270,126,0.4666666666666667,1.4430351071811043,0.30633448298287863,0.2861022074029542,40,True,accepted
right:38,left:18,10002,406,290,139,0.4793103448275862,1.7848684035518014,0.2459809817454541,0.22910029395426376,40,True,accepted
right:38,right:18,10002,419,278,137,0.49280575539568344,1.5804356360668186,0.27383779407133124,0.2563233533372826,40,True,accepted
left:38,left:19,10000,228,121,56,0.4628099173553719,1.7033656313471066,0.06228550330718771,0.06414958012224303,40,True,accepted
left:38,right:19,10000,221,111,47,0.42342342342342343,1.5903528699266674,0.12059301706520675,0.12023127595176757,40,True,accepted
right:38,left:19,10002,205,104,48,0.46153846153846156,1.8395183888995887,0.07594850298957083,0.0767727184120219,40,True,accepted
right:38,right:19,10002,196,101,44,0.43564356435643564,1.7435423362140587,0.13001145239779996,0.1267393973323043,40,True,accepted
left:38,left:26,10000,36,4,0,0.0,,0.0,0.0,0,False,insufficient_mutual_matches
left:38,right:26,10000,32,3,0,0.0,,0.0,0.0,0,False,insufficient_mutual_matches
right:38,left:26,10002,38,7,0,0.0,,0.0,0.0,0,False,insufficient_mutual_matches
right:38,right:26,10002,35,5,0,0.0,,0.0,0.0,0,False,insufficient_mutual_matches
left:38,left:1,10000,38,4,0,0.0,,0.0,0.0,0,False,insufficient_mutual_matches
left:38,right:1,10000,38,7,0,0.0,,0.0,0.0,0,False,insufficient_mutual_matches
right:38,left:1,10002,36,3,0,0.0,,0.0,0.0,0,False,insufficient_mutual_matches
right:38,right:1,10002,32,5,0,0.0,,0.0,0.0,0,False,insufficient_mutual_matches
left:39,right:39,10000,8074,7977,7969,0.9989971167105428,0.07445890663122816,0.9726037218474409,0.9725741124096856,40,True,accepted
left:39,left:38,10000,1488,1225,445,0.363265306122449,1.6091484050406486,0.5134508107775102,0.5040493657342529,40,True,accepted
left:39,right:38,10000,1509,1242,498,0.40096618357487923,1.639625479533002,0.6235855333162355,0.6030290970214172,40,True,accepted
right:39,left:38,10000,1478,1215,499,0.41069958847736626,1.6413141050559756,0.6369149347432439,0.6148620754599045,40,True,accepted
right:39,right:38,10000,1514,1241,527,0.4246575342465753,1.6211218165820165,0.6325505237772643,0.6103995200135656,40,True,accepted
left:39,left:37,10000,330,239,74,0.30962343096234307,1.692106132478219,0.2415112061946087,0.24117563613199103,40,True,accepted
left:39,right:37,10000,370,256,92,0.359375,1.499764684731449,0.2746926646528978,0.275359350816152,40,True,accepted
right:39,left:37,10000,327,237,83,0.350210970464135,1.2300467244991662,0.262736664962694,0.2622549000753432,40,True,accepted
right:39,right:37,10000,371,258,96,0.37209302325581395,1.5430921690727348,0.27565687824969654,0.27747993797836695,40,True,accepted
left:39,left:35,10000,44,11,0,0.0,,0.0,0.0,0,False,insufficient_mutual_matches
left:39,right:35,10000,50,10,0,0.0,,0.0,0.0,0,False,insufficient_mutual_matches
right:39,left:35,10000,38,10,0,0.0,,0.0,0.0,0,False,insufficient_mutual_matches
right:39,right:35,10000,42,6,0,0.0,,0.0,0.0,0,False,insufficient_mutual_matches
left:39,left:15,10000,226,163,80,0.49079754601226994,1.6110382035126183,0.2385371324857906,0.2099696427631511,40,True,accepted
left:39,right:15,10000,230,147,77,0.5238095238095238,1.5662500297448092,0.2813163935455068,0.2480542321694452,40,True,accepted
right:39,left:15,10000,229,169,83,0.4911242603550296,1.5293286570469589,0.20823491981768155,0.18352819263232584,40,True,accepted
right:39,right:15,10000,243,152,79,0.5197368421052632,1.9838619563945212,0.20301202335675253,0.18061212294969411,40,True,accepted
left:39,left:16,10000,393,280,136,0.4857142857142857,1.7383469582934372,0.3132048786532691,0.27204082993169343,40,True,accepted
left:39,right:16,10000,405,284,149,0.5246478873239436,1.8098606521498974,0.4067067410592215,0.35472119852607226,40,True,accepted
right:39,left:16,10000,380,280,139,0.49642857142857144,1.8176772362821159,0.42993165762668445,0.37605502927357154,40,True,accepted
right:39,right:16,10000,433,301,164,0.5448504983388704,2.017936986821969,0.41066052049332213,0.35771615456397954,40,True,accepted
left:39,left:17,10000,295,203,104,0.5123152709359606,1.5004488966114347,0.3647736390289683,0.3261026233109554,40,True,accepted
left:39,right:17,10000,285,202,89,0.4405940594059406,1.5395005743332135,0.26883681359668027,0.23847365915117139,40,True,accepted
right:39,left:17,10000,291,206,104,0.5048543689320388,1.479881591323513,0.34178582423403175,0.3052516572299232,40,True,accepted
right:39,right:17,10000,288,193,99,0.5129533678756477,1.688672903363899,0.3342356670939576,0.29376176738445914,40,True,accepted
left:39,left:10,10000,161,85,29,0.3411764705882353,1.2559816753502162,0.0648373236487778,0.04837008179622495,0,False,inlier_count
left:39,right:10,10000,168,89,34,0.38202247191011235,2.242190283058184,0.11803560123077367,0.0936027787988665,0,False,inlier_count
right:39,left:10,10000,158,83,34,0.40963855421686746,2.001472187960047,0.11469448234634289,0.09178217028885204,0,False,inlier_count
right:39,right:10,10000,148,74,27,0.36486486486486486,1.311947857167323,0.05770320442015303,0.04286924586255327,0,False,inlier_count
left:39,left:21,10000,33,3,0,0.0,,0.0,0.0,0,False,insufficient_mutual_matches
left:39,right:21,10000,39,4,0,0.0,,0.0,0.0,0,False,insufficient_mutual_matches
right:39,left:21,10000,38,5,0,0.0,,0.0,0.0,0,False,insufficient_mutual_matches
right:39,right:21,10000,44,6,0,0.0,,0.0,0.0,0,False,insufficient_mutual_matches
left:39,left:9,10000,175,51,25,0.49019607843137253,1.4332754372945373,0.054690447406936814,0.03933681192197726,0,False,inlier_count
left:39,right:9,10000,155,47,23,0.48936170212765956,1.6324589986864277,0.05392207002898981,0.03876704907201401,0,False,inlier_count
right:39,left:9,10000,159,50,17,0.34,1.5673710031564916,0.06438429603660273,0.047401168779663355,0,False,inlier_count
right:39,right:9,10000,147,39,0,0.0,,0.0,0.0,0,False,insufficient_mutual_matches
left:40,right:40,10000,8034,7949,7945,0.9994967920493144,0.07423461747494815,0.973365349228796,0.9733814406874924,40,True,accepted
left:40,left:39,10000,1447,1203,619,0.514546965918537,1.4097910348060665,0.43034373817600896,0.41041467927993946,40,True,accepted
left:40,right:39,10000,1462,1215,612,0.5037037037037037,1.4790064095153377,0.5388142593697264,0.5198154379081065,40,True,accepted
right:40,left:39,10000,1420,1182,631,0.5338409475465313,1.6403819276665341,0.5622082431157197,0.5364600503689787,40,True,accepted
right:40,right:39,10000,1416,1192,624,0.5234899328859061,1.3780711353639223,0.4878650035200537,0.4648987648338124,40,True,accepted
left:40,left:38,10000,380,264,111,0.42045454545454547,1.9059800632953903,0.2743282333484937,0.259047451075581,40,True,accepted
left:40,right:38,10000,375,268,122,0.4552238805970149,1.7341987686236922,0.2969944998305821,0.2852217349245167,40,True,accepted
right:40,left:38,10000,387,263,124,0.4714828897338403,1.8552472907975046,0.2818479377012207,0.27028166087082367,40,True,accepted
right:40,right:38,10000,402,287,120,0.4181184668989547,1.7347695142664483,0.29095261541492334,0.27749554682722494,40,True,accepted
left:40,left:36,10000,38,12,0,0.0,,0.0,0.0,0,False,insufficient_mutual_matches
left:40,right:36,10000,45,14,0,0.0,,0.0,0.0,0,False,insufficient_mutual_matches
right:40,left:36,10000,40,16,0,0.0,,0.0,0.0,0,False,insufficient_mutual_matches
right:40,right:36,10000,50,16,0,0.0,,0.0,0.0,0,False,insufficient_mutual_matches
left:40,left:15,10000,371,288,156,0.5416666666666666,1.6588953915648075,0.41955745510733955,0.36131990662348806,40,True,accepted
left:40,right:15,10000,367,274,141,0.5145985401459854,1.6702422462072857,0.3160936827937964,0.27107226513864907,40,True,accepted
right:40,left:15,10000,381,289,161,0.5570934256055363,1.9498157957159443,0.4160229033675192,0.35779661466935414,40,True,accepted
right:40,right:15,10000,359,261,134,0.5134099616858238,1.8278434627492535,0.41099257084033747,0.35222101849337306,40,True,accepted
left:40,left:16,10000,300,222,125,0.5630630630630631,1.6963771353475712,0.35118214006229775,0.3017395101590551,40,True,accepted
left:40,right:16,10000,290,233,143,0.6137339055793991,1.8201035328856743,0.3969415049621185,0.34632736870769715,40,True,accepted
right:40,left:16,10000,321,239,131,0.5481171548117155,1.8066038032028195,0.39293575973969175,0.33940004370357174,40,True,accepted
right:40,right:16,10000,291,231,135,0.5844155844155844,1.7321537384810393,0.36751820638153737,0.31920786238579424,40,True,accepted
left:40,left:12,10000,192,126,57,0.4523809523809524,1.8716104753142335,0.20302214552530753,0.15813974775068532,40,True,accepted
left:40,right:12,10000,179,114,48,0.42105263157894735,1.6289061586308804,0.21852709148289895,0.17397411750016253,40,True,accepted
right:40,left:12,10000,173,107,48,0.4485981308411215,1.9349706896066163,0.12124533534401666,0.09145745916086785,40,True,accepted
right:40,right:12,10000,173,116,43,0.3706896551724138,1.5358415015876743,0.09791745419864394,0.07406096971558356,40,True,accepted
left:40,left:25,10000,29,5,0,0.0,,0.0,0.0,0,False,insufficient_mutual_matches
left:40,right:25,10000,30,4,0,0.0,,0.0,0.0,0,False,insufficient_mutual_matches
right:40,left:25,10000,33,9,0,0.0,,0.0,0.0,0,False,insufficient_mutual_matches
right:40,right:25,10000,39,9,0,0.0,,0.0,0.0,0,False,insufficient_mutual_matches
left:40,left:13,10000,104,66,28,0.42424242424242425,2.2058029547114977,0.1359174100835199,0.1120008822307039,0,False,inlier_count
left:40,right:13,10000,101,65,25,0.38461538461538464,1.4722912624631384,0.14084981182731304,0.11459120685578171,0,False,inlier_count
right:40,left:13,10000,104,58,23,0.39655172413793105,1.6715547900188572,0.10485266931712839,0.08681225065591708,0,False,inlier_count
right:40,right:13,10000,106,66,26,0.3939393939393939,1.6290623560934208,0.1383886081119439,0.11247658417923982,0,False,inlier_count
left:40,left:19,10000,49,10,0,0.0,,0.0,0.0,0,False,insufficient_mutual_matches
left:40,right:19,10000,46,10,0,0.0,,0.0,0.0,0,False,insufficient_mutual_matches
right:40,left:19,10000,32,12,0,0.0,,0.0,0.0,0,False,insufficient_mutual_matches
right:40,right:19,10000,42,13,0,0.0,,0.0,0.0,0,False,insufficient_mutual_matches
left:41,right:41,10001,7974,7912,7906,0.9992416582406471,0.0741842931911981,0.9518633623852062,0.9519104673043375,40,True,accepted
left:41,left:40,10001,1571,1378,798,0.579100145137881,1.2461944434444925,0.601128392611164,0.5884676749634707,40,True,accepted
left:41,right:40,10001,1543,1372,703,0.5123906705539358,1.3872051983030245,0.5279833910971459,0.5197381225899125,40,True,accepted
right:41,left:40,10000,1600,1402,724,0.5164051355206848,1.2098675007498467,0.6081373598644044,0.5910830918963632,40,True,accepted
right:41,right:40,10000,1566,1382,722,0.5224312590448625,1.4305029599941423,0.510041337057622,0.5021111728825932,40,True,accepted
left:41,left:39,10001,311,234,96,0.41025641025641024,1.4515978316584064,0.26223415691772806,0.2464182415109689,40,True,accepted
left:41,right:39,10001,324,241,88,0.3651452282157676,1.7162576388190802,0.20739038196068063,0.19776220342922426,40,True,accepted
right:41,left:39,10000,328,244,93,0.38114754098360654,1.5112717187041418,0.3686192162265165,0.3461068066728813,40,True,accepted
right:41,right:39,10000,326,243,91,0.37448559670781895,1.3647575662174087,0.22496738724473306,0.21100508314498473,40,True,accepted
left:41,left:37,10001,32,14,0,0.0,,0.0,0.0,0,False,insufficient_mutual_matches
left:41,right:37,10001,35,16,0,0.0,,0.0,0.0,0,False,insufficient_mutual_matches
right:41,left:37,10000,44,19,0,0.0,,0.0,0.0,0,False,insufficient_mutual_matches
right:41,right:37,10000,43,20,0,0.0,,0.0,0.0,0,False,insufficient_mutual_matches
left:41,left:15,10001,266,206,109,0.529126213592233,1.6764134619774296,0.32523737824769,0.27674369687552247,40,True,accepted
left:41,right:15,10001,253,193,93,0.48186528497409326,1.6381006087826793,0.3399786124799135,0.2880189022920353,40,True,accepted
right:41,left:15,10000,264,212,113,0.5330188679245284,1.7774288424033196,0.3899770848557866,0.32690999776598423,40,True,accepted
right:41,right:15,10000,257,192,98,0.5104166666666666,1.7458986291224996,0.2985704611415202,0.24874523661906953,40,True,accepted
left:41,left:18,10001,48,10,0,0.0,,0.0,0.0,0,False,insufficient_mutual_matches
left:41,right:18,10001,38,15,0,0.0,,0.0,0.0,0,False,insufficient_mutual_matches
right:41,left:18,10000,46,15,0,0.0,,0.0,0.0,0,False,insufficient_mutual_matches
right:41,right:18,10000,37,16,0,0.0,,0.0,0.0,0,False,insufficient_mutual_matches
left:41,left:1,10001,22,3,0,0.0,,0.0,0.0,0,False,insufficient_mutual_matches
left:41,right:1,10001,24,4,0,0.0,,0.0,0.0,0,False,insufficient_mutual_matches
right:41,left:1,10000,16,3,0,0.0,,0.0,0.0,0,False,insufficient_mutual_matches
right:41,right:1,10000,21,6,0,0.0,,0.0,0.0,0,False,insufficient_mutual_matches
left:41,left:3,10001,30,5,0,0.0,,0.0,0.0,0,False,insufficient_mutual_matches
left:41,right:3,10001,23,4,0,0.0,,0.0,0.0,0,False,insufficient_mutual_matches
right:41,left:3,10000,29,5,0,0.0,,0.0,0.0,0,False,insufficient_mutual_matches
right:41,right:3,10000,26,6,0,0.0,,0.0,0.0,0,False,insufficient_mutual_matches
left:41,left:6,10001,32,3,0,0.0,,0.0,0.0,0,False,insufficient_mutual_matches
left:41,right:6,10001,32,5,0,0.0,,0.0,0.0,0,False,insufficient_mutual_matches
right:41,left:6,10000,32,5,0,0.0,,0.0,0.0,0,False,insufficient_mutual_matches
right:41,right:6,10000,38,5,0,0.0,,0.0,0.0,0,False,insufficient_mutual_matches
left:42,right:42,10000,7829,7784,7781,0.9996145940390545,0.08372125127004028,0.9580728537556694,0.9581025659963338,40,True,accepted
left:42,left:41,10000,503,353,201,0.5694050991501416,1.697634347212974,0.25547868958942915,0.24081467922301739,40,True,accepted
left:42,right:41,10000,521,343,187,0.5451895043731778,1.4506969327089816,0.2915691382737677,0.2800054661454301,40,True,accepted
right:42,left:41,10000,497,346,200,0.5780346820809249,1.6918522261440296,0.37052076534175465,0.35687379594032087,40,True,accepted
right:42,right:41,10000,526,345,208,0.6028985507246377,1.7224058498559651,0.35446247546387993,0.3416020609266969,40,True,accepted
left:42,left:40,10000,278,171,71,0.4152046783625731,1.6159793793801074,0.26369388154671275,0.24579159225248626,40,True,accepted
left:42,right:40,10000,254,163,75,0.4601226993865031,1.508411609846663,0.29975515827093313,0.28004875913940186,40,True,accepted
right:42,left:40,10000,255,176,96,0.5454545454545454,1.7714917948359814,0.24177361114031048,0.23074016325762473,40,True,accepted
right:42,right:40,10000,242,171,95,0.5555555555555556,2.2539839265496493,0.2754133076312046,0.2611585574457279,40,True,accepted
left:42,left:38,10000,61,17,0,0.0,,0.0,0.0,0,False,insufficient_mutual_matches
left:42,right:38,10000,61,20,0,0.0,,0.0,0.0,0,False,insufficient_mutual_matches
right:42,left:38,10000,64,26,0,0.0,,0.0,0.0,0,False,insufficient_mutual_matches
right:42,right:38,10000,65,22,0,0.0,,0.0,0.0,0,False,insufficient_mutual_matches
left:42,left:23,10000,25,7,0,0.0,,0.0,0.0,0,False,insufficient_mutual_matches
left:42,right:23,10000,25,8,0,0.0,,0.0,0.0,0,False,insufficient_mutual_matches
right:42,left:23,10000,30,8,0,0.0,,0.0,0.0,0,False,insufficient_mutual_matches
right:42,right:23,10000,26,8,0,0.0,,0.0,0.0,0,False,insufficient_mutual_matches
left:42,left:18,10000,27,8,0,0.0,,0.0,0.0,0,False,insufficient_mutual_matches
left:42,right:18,10000,29,12,0,0.0,,0.0,0.0,0,False,insufficient_mutual_matches
right:42,left:18,10000,29,7,0,0.0,,0.0,0.0,0,False,insufficient_mutual_matches
right:42,right:18,10000,27,13,0,0.0,,0.0,0.0,0,False,insufficient_mutual_matches
left:42,left:16,10000,35,14,0,0.0,,0.0,0.0,0,False,insufficient_mutual_matches
left:42,right:16,10000,32,16,0,0.0,,0.0,0.0,0,False,insufficient_mutual_matches
right:42,left:16,10000,41,15,0,0.0,,0.0,0.0,0,False,insufficient_mutual_matches
right:42,right:16,10000,27,12,0,0.0,,0.0,0.0,0,False,insufficient_mutual_matches
left:43,right:43,10000,7793,7747,7745,0.9997418355492449,0.07546977212180837,0.9478896821594339,0.947865545847721,40,True,accepted
left:43,left:42,10000,1280,1128,676,0.599290780141844,1.4771935919748398,0.39232777704913874,0.37575767950831523,40,True,accepted
left:43,right:42,10000,1319,1131,763,0.6746242263483643,2.0045139571619623,0.5462266042295777,0.5336129916319604,40,True,accepted
right:43,left:42,10000,1255,1099,709,0.6451319381255687,1.7141812934841267,0.4647420023362687,0.44874317014313814,40,True,accepted
right:43,right:42,10000,1312,1123,730,0.6500445235975066,1.38217533522975,0.4019353900629802,0.38841713483639984,40,True,accepted
left:43,left:41,10000,97,61,32,0.5245901639344263,1.8154939669110783,0.20470850954478909,0.18265554191071015,0,False,inlier_count
left:43,right:41,10000,124,72,36,0.5,1.8678284578588722,0.19725078855660041,0.17678449754096912,0,False,inlier_count
right:43,left:41,10000,102,66,36,0.5454545454545454,1.6859966922530185,0.22282269721260653,0.20301209539432283,0,False,inlier_count
right:43,right:41,10000,119,88,43,0.48863636363636365,1.314760201295178,0.2035418047225487,0.18479832255878592,40,True,accepted
left:43,left:39,10000,46,22,0,0.0,,0.0,0.0,0,False,insufficient_mutual_matches
left:43,right:39,10000,50,20,0,0.0,,0.0,0.0,0,False,insufficient_mutual_matches
right:43,left:39,10000,45,27,0,0.0,,0.0,0.0,0,False,insufficient_mutual_matches
right:43,right:39,10000,46,22,0,0.0,,0.0,0.0,0,False,insufficient_mutual_matches
left:43,left:5,10000,32,5,0,0.0,,0.0,0.0,0,False,insufficient_mutual_matches
left:43,right:5,10000,27,4,0,0.0,,0.0,0.0,0,False,insufficient_mutual_matches
right:43,left:5,10000,31,7,0,0.0,,0.0,0.0,0,False,insufficient_mutual_matches
right:43,right:5,10000,23,3,0,0.0,,0.0,0.0,0,False,insufficient_mutual_matches
left:43,left:10,10000,21,7,0,0.0,,0.0,0.0,0,False,insufficient_mutual_matches
left:43,right:10,10000,15,9,0,0.0,,0.0,0.0,0,False,insufficient_mutual_matches
right:43,left:10,10000,21,7,0,0.0,,0.0,0.0,0,False,insufficient_mutual_matches
right:43,right:10,10000,15,6,0,0.0,,0.0,0.0,0,False,insufficient_mutual_matches
left:44,right:44,10001,7930,7888,7886,0.9997464503042597,0.07687579272819518,0.9453117790227374,0.9452783496939255,40,True,accepted
left:44,left:43,10001,715,521,340,0.6525911708253359,1.2402188095715705,0.31135215687600176,0.304885821477112,40,True,accepted
left:44,right:43,10001,698,530,365,0.6886792452830188,1.2477637307967642,0.344424069445516,0.3382849704888197,40,True,accepted
right:44,left:43,10000,710,542,366,0.6752767527675276,1.8092171244180395,0.20140143378354255,0.1983347547645817,40,True,accepted
right:44,right:43,10000,692,539,373,0.6920222634508348,1.2705722917913072,0.36358456302809394,0.3567076778598676,40,True,accepted
left:44,left:42,10001,343,240,128,0.5333333333333333,1.516739127980729,0.2876630959787188,0.2775190512268753,40,True,accepted
left:44,right:42,10001,321,232,114,0.49137931034482757,1.6198992032694914,0.3844611318752338,0.37236088938442896,40,True,accepted
right:44,left:42,10000,352,250,125,0.5,1.5080171849003607,0.3122574012658919,0.301921789490251,40,True,accepted
right:44,right:42,10000,329,238,114,0.4789915966386555,1.4701432117024682,0.3276829482370289,0.3175446047376938,40,True,accepted
left:44,left:40,10001,416,333,157,0.47147147147147145,1.5997727685924354,0.29123544562477166,0.2909859167915202,40,True,accepted
left:44,right:40,10001,424,336,151,0.4494047619047619,1.9208410576658772,0.3952901218812162,0.35376398805351816,40,True,accepted
right:44,left:40,10000,413,331,169,0.5105740181268882,1.6421903073441773,0.3983696571348465,0.3945725038440952,40,True,accepted
right:44,right:40,10000,419,322,152,0.4720496894409938,1.639613190215246,0.3579518549340592,0.352555613478538,40,True,accepted
left:45,right:45,10000,8007,7952,7949,0.9996227364185111,0.07810596840541777,0.9664606136871223,0.966416866951771,40,True,accepted
left:45,left:44,10000,943,804,364,0.4527363184079602,1.5378748016373112,0.3104373357376497,0.3195416459183637,40,True,accepted
left:45,right:44,10000,908,773,375,0.4851228978007762,1.5722332351260992,0.40271855980691657,0.41495431087383916,40,True,accepted
right:45,left:44,10000,922,813,421,0.5178351783517835,1.5771862141521928,0.38201932795086874,0.3940108593139754,40,True,accepted
right:45,right:44,10000,923,789,389,0.49302915082382764,1.4943109790665043,0.3811443387906464,0.39144478404533817,40,True,accepted
left:45,left:43,10000,117,66,25,0.3787878787878788,1.551526902752462,0.17451742583721053,0.17487627167121095,0,False,inlier_count
left:45,right:43,10000,106,66,30,0.45454545454545453,1.7791989106943233,0.18120116329486832,0.1811762688646106,0,False,inlier_count
right:45,left:43,10000,136,72,37,0.5138888888888888,1.618875996103712,0.17729508992455273,0.17749643504341225,0,False,inlier_count
right:45,right:43,10000,111,62,32,0.5161290322580645,1.494859918254364,0.20996774734884502,0.2084097526221789,0,False,inlier_count
left:45,left:41,10000,153,91,51,0.5604395604395604,1.2863558409050455,0.1572941852847208,0.1645495712738006,40,True,accepted
left:45,right:41,10000,168,116,69,0.5948275862068966,1.3652105573062487,0.15857547633072455,0.16516671055422233,40,True,accepted
right:45,left:41,10000,149,96,50,0.5208333333333334,1.2364723934946742,0.13306741802299216,0.13830721111085748,40,True,accepted
right:45,right:41,10000,154,107,57,0.5327102803738317,1.3571272706420994,0.15351984245212466,0.1597146651667875,40,True,accepted
left:45,left:23,10000,19,4,0,0.0,,0.0,0.0,0,False,insufficient_mutual_matches
left:45,right:23,10000,24,4,0,0.0,,0.0,0.0,0,False,insufficient_mutual_matches
right:45,left:23,10000,16,4,0,0.0,,0.0,0.0,0,False,insufficient_mutual_matches
right:45,right:23,10000,26,4,0,0.0,,0.0,0.0,0,False,insufficient_mutual_matches
left:45,left:15,10000,80,57,36,0.631578947368421,1.3029062317678324,0.14699841330854865,0.12693963351519405,0,False,inlier_count
left:45,right:15,10000,77,48,30,0.625,1.6231216017232355,0.11609756665632222,0.10174650093808238,0,False,inlier_count
right:45,left:15,10000,88,60,37,0.6166666666666667,1.4345967761182234,0.14339364414609568,0.1259562455444177,0,False,inlier_count
right:45,right:15,10000,68,51,28,0.5490196078431373,1.4272634135159448,0.1328822987569372,0.11685446925175307,0,False,inlier_count
left:46,right:46,10000,7969,7902,7899,0.9996203492786636,0.0838449508539194,0.9683007245394752,0.9682804282586377,40,True,accepted
left:46,left:45,10000,1235,1061,551,0.5193213949104618,1.4311232748170812,0.41223091393136313,0.4110557094239885,40,True,accepted
left:46,right:45,10000,1200,1046,536,0.5124282982791587,1.5533640453977944,0.4203162435324312,0.42087368735636155,40,True,accepted
right:46,left:45,10001,1243,1071,602,0.5620915032679739,1.538306748739294,0.4382772765125088,0.436050031222092,40,True,accepted
right:46,right:45,10001,1213,1066,573,0.5375234521575984,1.4824572904558924,0.4153043224012719,0.41380337740164874,40,True,accepted
left:46,left:44,10000,228,182,111,0.6098901098901099,1.3040668291146553,0.2164235752194591,0.21774073627976773,40,True,accepted
left:46,right:44,10000,235,189,101,0.5343915343915344,1.1783411190118624,0.22223822345751232,0.2219518176534296,40,True,accepted
right:46,left:44,10001,230,177,94,0.5310734463276836,1.1547599000426043,0.22292224588282683,0.22271715044794954,40,True,accepted
right:46,right:44,10001,239,181,103,0.569060773480663,1.387912652174128,0.22113177999699496,0.22236756578093397,40,True,accepted
left:46,left:42,10000,42,19,0,0.0,,0.0,0.0,0,False,insufficient_mutual_matches
left:46,right:42,10000,44,19,0,0.0,,0.0,0.0,0,False,insufficient_mutual_matches
right:46,left:42,10001,51,23,0,0.0,,0.0,0.0,0,False,insufficient_mutual_matches
right:46,right:42,10001,49,24,0,0.0,,0.0,0.0,0,False,insufficient_mutual_matches
left:46,left:15,10000,68,40,19,0.475,0.9888444454678623,0.07192825128842796,0.06351753344807903,0,False,inlier_count
left:46,right:15,10000,62,36,0,0.0,,0.0,0.0,0,False,insufficient_mutual_matches
right:46,left:15,10001,70,44,23,0.5227272727272727,1.0540745961579119,0.07607232627088076,0.06759046890339754,0,False,inlier_count
right:46,right:15,10001,72,43,20,0.46511627906976744,1.2053913819287316,0.08331451399407368,0.07365654004231556,0,False,inlier_count
left:46,left:10,10000,80,55,17,0.3090909090909091,1.6380354595492566,0.043504991319992636,0.034027510516994805,0,False,inlier_count
left:46,right:10,10000,71,47,18,0.3829787234042553,1.427861733499712,0.06772274132202395,0.056716380586997364,0,False,inlier_count
right:46,left:10,10001,75,46,14,0.30434782608695654,1.6513383848698113,0.07123764919954519,0.05748479237168767,0,False,inlier_count
right:46,right:10,10001,82,45,20,0.4444444444444444,1.377541449501747,0.09630076837187666,0.07427880228529476,0,False,inlier_count
left:46,left:8,10000,48,26,0,0.0,,0.0,0.0,0,False,insufficient_mutual_matches
left:46,right:8,10000,43,23,0,0.0,,0.0,0.0,0,False,insufficient_mutual_matches
right:46,left:8,10001,47,25,0,0.0,,0.0,0.0,0,False,insufficient_mutual_matches
right:46,right:8,10001,43,25,0,0.0,,0.0,0.0,0,False,insufficient_mutual_matches
left:47,right:47,10000,7935,7891,7880,0.9986060068432391,0.08343125046595647,0.9726681537669092,0.9726523078667735,40,True,accepted
left:47,left:46,10000,1257,1049,533,0.5081029551954243,1.6350355501199025,0.38781980932597104,0.38745500114958686,40,True,accepted
left:47,right:46,10000,1248,1038,568,0.5472061657032755,1.6796021747127037,0.4168892554295347,0.41426118998708333,40,True,accepted
right:47,left:46,10000,1241,1038,556,0.535645472061657,1.540495848324629,0.41556435455691626,0.4156554829241428,40,True,accepted
right:47,right:46,10000,1236,1011,532,0.5262116716122651,1.496956924028885,0.4089308634334311,0.40964525593381035,40,True,accepted
left:47,left:45,10000,254,190,105,0.5526315789473685,1.646977104279812,0.2860767202374329,0.28318978982794096,40,True,accepted
left:47,right:45,10000,249,187,93,0.49732620320855614,1.6631372252705237,0.24178344188321188,0.24118953439930868,40,True,accepted
right:47,left:45,10000,243,191,93,0.4869109947643979,1.5416072720339284,0.26264601969949153,0.2620147386886718,40,True,accepted
right:47,right:45,10000,236,185,91,0.4918918918918919,1.456822471134223,0.25117520598205323,0.2509438678119201,40,True,accepted
left:47,left:43,10000,39,9,0,0.0,,0.0,0.0,0,False,insufficient_mutual_matches
left:47,right:43,10000,35,8,0,0.0,,0.0,0.0,0,False,insufficient_mutual_matches
right:47,left:43,10000,43,10,0,0.0,,0.0,0.0,0,False,insufficient_mutual_matches
right:47,right:43,10000,37,9,0,0.0,,0.0,0.0,0,False,insufficient_mutual_matches
left:47,left:36,10000,143,112,39,0.3482142857142857,1.7470138248378402,0.21937731972103305,0.20488749044818785,0,False,inlier_count
left:47,right:36,10000,155,119,38,0.31932773109243695,1.4810815211641675,0.19728393433900607,0.1818218442852003,0,False,inlier_count
right:47,left:36,10000,166,125,41,0.328,1.6265981513969323,0.1834862944470693,0.1859930141898776,40,True,accepted
right:47,right:36,10000,156,120,44,0.36666666666666664,1.6031810914880857,0.32290554719490755,0.3128253302554691,40,True,accepted
left:47,left:37,10000,311,253,96,0.3794466403162055,1.6352891918268249,0.32137632134869526,0.30545952186761316,40,True,accepted
left:47,right:37,10000,312,255,99,0.38823529411764707,2.390108470619162,0.32140631150893356,0.30424442759228193,40,True,accepted
right:47,left:37,10000,317,264,102,0.38636363636363635,1.9560365656402752,0.3586051579009515,0.337837283508125,40,True,accepted
right:47,right:37,10000,338,278,98,0.35251798561151076,1.724292791732352,0.2918587336831294,0.2731303991903242,40,True,accepted
left:47,left:15,10000,53,28,0,0.0,,0.0,0.0,0,False,insufficient_mutual_matches
left:47,right:15,10000,48,26,0,0.0,,0.0,0.0,0,False,insufficient_mutual_matches
right:47,left:15,10000,46,25,0,0.0,,0.0,0.0,0,False,insufficient_mutual_matches
right:47,right:15,10000,35,22,0,0.0,,0.0,0.0,0,False,insufficient_mutual_matches
left:47,left:7,10000,40,13,0,0.0,,0.0,0.0,0,False,insufficient_mutual_matches
left:47,right:7,10000,40,15,0,0.0,,0.0,0.0,0,False,insufficient_mutual_matches
right:47,left:7,10000,42,16,0,0.0,,0.0,0.0,0,False,insufficient_mutual_matches
right:47,right:7,10000,42,12,0,0.0,,0.0,0.0,0,False,insufficient_mutual_matches
left:47,left:29,10000,35,11,0,0.0,,0.0,0.0,0,False,insufficient_mutual_matches
left:47,right:29,10000,37,9,0,0.0,,0.0,0.0,0,False,insufficient_mutual_matches
right:47,left:29,10000,34,12,0,0.0,,0.0,0.0,0,False,insufficient_mutual_matches
right:47,right:29,10000,31,8,0,0.0,,0.0,0.0,0,False,insufficient_mutual_matches
left:48,right:48,10000,7912,7860,7855,0.9993638676844784,0.07629668988525522,0.9463841441762252,0.9463795019303229,40,True,accepted
left:48,left:47,10000,756,629,268,0.4260731319554849,1.6034803557430743,0.23820474361047977,0.23502117960573116,40,True,accepted
left:48,right:47,10000,753,618,258,0.4174757281553398,1.7967739369714888,0.24353866709309197,0.24174899339280292,40,True,accepted
right:48,left:47,10000,731,612,259,0.42320261437908496,1.678571719899959,0.23370722630577984,0.23060537332783826,40,True,accepted
right:48,right:47,10000,746,632,250,0.39556962025316456,1.6104680583050768,0.32175727770667223,0.3283370572718312,40,True,accepted
left:48,left:46,10000,209,155,60,0.3870967741935484,1.3361690123750056,0.19289635671611077,0.195375321027636,40,True,accepted
left:48,right:46,10000,193,133,52,0.39097744360902253,1.5310141893815212,0.13575255203361258,0.13872998732340197,40,True,accepted
right:48,left:46,10000,209,164,73,0.4451219512195122,1.6517750507661466,0.20462329954726158,0.2065983421476979,40,True,accepted
right:48,right:46,10000,192,155,67,0.432258064516129,1.4270782076019586,0.18451882764281108,0.18592937150474836,40,True,accepted
left:48,left:44,10000,45,23,0,0.0,,0.0,0.0,0,False,insufficient_mutual_matches
left:48,right:44,10000,51,24,0,0.0,,0.0,0.0,0,False,insufficient_mutual_matches
right:48,left:44,10000,44,24,0,0.0,,0.0,0.0,0,False,insufficient_mutual_matches
right:48,right:44,10000,47,24,0,0.0,,0.0,0.0,0,False,insufficient_mutual_matches
left:48,left:36,10000,236,180,80,0.4444444444444444,1.6618330465834383,0.3540527876640131,0.3356529816918464,40,True,accepted
left:48,right:36,10000,238,179,75,0.41899441340782123,1.8684129944471428,0.3603786415949677,0.34315922701092466,40,True,accepted
right:48,left:36,10000,232,181,82,0.4530386740331492,2.234228528740535,0.4489166637826809,0.4240936094613605,40,True,accepted
right:48,right:36,10000,247,183,71,0.3879781420765027,1.5274924961165024,0.26792258310116135,0.2623039836097926,40,True,accepted
left:48,left:37,10000,155,128,56,0.4375,1.614109706260275,0.3179541916395923,0.29210664886035087,40,True,accepted
left:48,right:37,10000,169,131,50,0.3816793893129771,1.5539633312129957,0.22623697843335785,0.19961842937516874,40,True,accepted
right:48,left:37,10000,183,144,57,0.3958333333333333,1.7825599691935996,0.25968806880561407,0.24474781343849583,40,True,accepted
right:48,right:37,10000,174,141,54,0.3829787234042553,1.915868412193243,0.26323473253282204,0.24139356037545429,40,True,accepted
left:48,left:31,10000,27,10,0,0.0,,0.0,0.0,0,False,insufficient_mutual_matches
left:48,right:31,10000,25,6,0,0.0,,0.0,0.0,0,False,insufficient_mutual_matches
right:48,left:31,10000,26,6,0,0.0,,0.0,0.0,0,False,insufficient_mutual_matches
right:48,right:31,10000,34,7,0,0.0,,0.0,0.0,0,False,insufficient_mutual_matches
left:48,left:18,10000,72,48,20,0.4166666666666667,1.5196542091887089,0.22238632616025314,0.1937332409193613,0,False,inlier_count
left:48,right:18,10000,64,45,17,0.37777777777777777,1.723661160178232,0.28467748521910674,0.2378957388573332,0,False,inlier_count
right:48,left:18,10000,72,48,19,0.3958333333333333,1.4624513395492873,0.23482037567261307,0.2053357850049646,0,False,inlier_count
right:48,right:18,10000,65,46,17,0.3695652173913043,1.2993276086520218,0.08800177205334984,0.07392974346781903,0,False,inlier_count
left:48,left:15,10000,24,7,0,0.0,,0.0,0.0,0,False,insufficient_mutual_matches
left:48,right:15,10000,28,11,0,0.0,,0.0,0.0,0,False,insufficient_mutual_matches
right:48,left:15,10000,27,9,0,0.0,,0.0,0.0,0,False,insufficient_mutual_matches
right:48,right:15,10000,36,14,0,0.0,,0.0,0.0,0,False,insufficient_mutual_matches
left:48,left:24,10000,35,11,0,0.0,,0.0,0.0,0,False,insufficient_mutual_matches
left:48,right:24,10000,31,5,0,0.0,,0.0,0.0,0,False,insufficient_mutual_matches
right:48,left:24,10000,30,6,0,0.0,,0.0,0.0,0,False,insufficient_mutual_matches
right:48,right:24,10000,24,7,0,0.0,,0.0,0.0,0,False,insufficient_mutual_matches
left:48,left:35,10000,135,97,45,0.4639175257731959,1.5550156084575213,0.301005393629804,0.2876140334144402,40,True,accepted
left:48,right:35,10000,137,104,46,0.4423076923076923,1.7182375767469753,0.29372591659808234,0.2840263392993007,40,True,accepted
right:48,left:35,10000,146,103,44,0.42718446601941745,1.458408935931967,0.3006179041826065,0.29065280588264397,40,True,accepted
right:48,right:35,10000,148,103,43,0.4174757281553398,1.5498713709327816,0.2703190145886065,0.25618492715800184,40,True,accepted
left:48,left:14,10000,27,10,0,0.0,,0.0,0.0,0,False,insufficient_mutual_matches
left:48,right:14,10000,26,12,0,0.0,,0.0,0.0,0,False,insufficient_mutual_matches
right:48,left:14,10000,27,9,0,0.0,,0.0,0.0,0,False,insufficient_mutual_matches
right:48,right:14,10000,28,10,0,0.0,,0.0,0.0,0,False,insufficient_mutual_matches
left:49,right:49,10000,8012,7962,7961,0.9998744034162271,0.06958302518927134,0.9768547984788498,0.9768635561206926,40,True,accepted
left:49,left:48,10000,709,603,257,0.4262023217247098,1.5354735362794614,0.36152594890729295,0.3631536989213517,40,True,accepted
left:49,right:48,10000,733,610,298,0.4885245901639344,1.6541841769540169,0.5010835103978732,0.507217196772573,40,True,accepted
right:49,left:48,10001,709,587,273,0.46507666098807493,1.4900633194104653,0.5055205345011251,0.508748570402797,40,True,accepted
right:49,right:48,10001,732,612,272,0.4444444444444444,1.5611989163417987,0.513217154912235,0.5179263308152431,40,True,accepted
left:49,left:47,10000,125,97,34,0.35051546391752575,1.3735288598612438,0.1824340585937187,0.1856587068805468,0,False,inlier_count
left:49,right:47,10000,131,108,37,0.3425925925925926,1.1905897730126658,0.18914324044878975,0.19400979186648218,0,False,inlier_count
right:49,left:47,10001,113,89,29,0.3258426966292135,1.617325754042359,0.34993645186015376,0.35326079002063443,0,False,inlier_count
right:49,right:47,10001,118,92,35,0.3804347826086957,1.4451663482059764,0.1390499938810099,0.1423562781904899,0,False,inlier_count
left:49,left:45,10000,33,15,0,0.0,,0.0,0.0,0,False,insufficient_mutual_matches
left:49,right:45,10000,29,9,0,0.0,,0.0,0.0,0,False,insufficient_mutual_matches
right:49,left:45,10001,37,15,0,0.0,,0.0,0.0,0,False,insufficient_mutual_matches
right:49,right:45,10001,28,8,0,0.0,,0.0,0.0,0,False,insufficient_mutual_matches
left:49,left:35,10000,342,258,153,0.5930232558139535,1.5677863155453338,0.23294749384219973,0.21660499853529955,40,True,accepted
left:49,right:35,10000,349,249,164,0.6586345381526104,1.464706442942011,0.2073417327670539,0.19631523760916106,40,True,accepted
right:49,left:35,10001,350,266,155,0.5827067669172933,1.547466056261782,0.37576882098226083,0.3589070840658054,40,True,accepted
right:49,right:35,10001,342,257,152,0.5914396887159533,1.4878845220491124,0.2064013315728017,0.1956609193603662,40,True,accepted
left:49,left:34,10000,129,73,38,0.5205479452054794,1.7926464152824237,0.22969583648649916,0.22196425523115226,0,False,inlier_count
left:49,right:34,10000,142,95,41,0.43157894736842106,1.6881077742542618,0.2737716686696253,0.2678022382857524,40,True,accepted
right:49,left:34,10001,136,77,32,0.4155844155844156,1.5524404820160806,0.20628687046848368,0.21056303219873634,0,False,inlier_count
right:49,right:34,10001,144,98,42,0.42857142857142855,1.878066580391174,0.17203064439708035,0.1725871923744619,40,True,accepted
left:49,left:1,10000,23,5,0,0.0,,0.0,0.0,0,False,insufficient_mutual_matches
left:49,right:1,10000,19,3,0,0.0,,0.0,0.0,0,False,insufficient_mutual_matches
right:49,left:1,10001,25,10,0,0.0,,0.0,0.0,0,False,insufficient_mutual_matches
right:49,right:1,10001,25,9,0,0.0,,0.0,0.0,0,False,insufficient_mutual_matches
left:49,left:20,10000,40,18,0,0.0,,0.0,0.0,0,False,insufficient_mutual_matches
left:49,right:20,10000,46,21,0,0.0,,0.0,0.0,0,False,insufficient_mutual_matches
right:49,left:20,10001,47,26,0,0.0,,0.0,0.0,0,False,insufficient_mutual_matches
right:49,right:20,10001,53,26,0,0.0,,0.0,0.0,0,False,insufficient_mutual_matches
left:49,left:21,10000,41,11,0,0.0,,0.0,0.0,0,False,insufficient_mutual_matches
left:49,right:21,10000,38,12,0,0.0,,0.0,0.0,0,False,insufficient_mutual_matches
right:49,left:21,10001,39,12,0,0.0,,0.0,0.0,0,False,insufficient_mutual_matches
right:49,right:21,10001,42,10,0,0.0,,0.0,0.0,0,False,insufficient_mutual_matches
left:49,left:7,10000,23,10,0,0.0,,0.0,0.0,0,False,insufficient_mutual_matches
left:49,right:7,10000,29,11,0,0.0,,0.0,0.0,0,False,insufficient_mutual_matches
right:49,left:7,10001,32,16,0,0.0,,0.0,0.0,0,False,insufficient_mutual_matches
right:49,right:7,10001,36,11,0,0.0,,0.0,0.0,0,False,insufficient_mutual_matches
left:49,left:10,10000,40,11,0,0.0,,0.0,0.0,0,False,insufficient_mutual_matches
left:49,right:10,10000,30,12,0,0.0,,0.0,0.0,0,False,insufficient_mutual_matches
right:49,left:10,10001,32,12,0,0.0,,0.0,0.0,0,False,insufficient_mutual_matches
right:49,right:10,10001,35,18,0,0.0,,0.0,0.0,0,False,insufficient_mutual_matches
left:50,right:50,10000,8173,8120,8117,0.9996305418719211,0.06936969286484655,0.9670624020307114,0.9669393003540303,40,True,accepted
left:50,left:49,10000,1329,1141,830,0.7274320771253286,1.137785597239124,0.3482521277229492,0.33906642533764514,40,True,accepted
left:50,right:49,10000,1336,1153,828,0.7181266261925412,1.0861453215496704,0.47025950518457793,0.46155009693210597,40,True,accepted
right:50,left:49,10000,1337,1163,898,0.7721410146173688,1.352959912368639,0.2660546732483965,0.25766181421275314,40,True,accepted
right:50,right:49,10000,1341,1173,894,0.7621483375959079,1.4043167907045226,0.5507894323857246,0.548548812468598,40,True,accepted
left:50,left:48,10000,110,70,28,0.4,1.7762327080460432,0.07183912618043217,0.0702552680655749,0,False,inlier_count
left:50,right:48,10000,121,70,26,0.37142857142857144,1.4138016595861072,0.43587471356767155,0.4369458886303787,0,False,inlier_count
right:50,left:48,10000,104,76,26,0.34210526315789475,1.2406049011264075,0.3629445565228954,0.35469573257519915,0,False,inlier_count
right:50,right:48,10000,117,86,26,0.3023255813953488,1.0980931014673798,0.43099620586582854,0.4281061614405934,0,False,inlier_count
left:50,left:46,10000,35,10,0,0.0,,0.0,0.0,0,False,insufficient_mutual_matches
left:50,right:46,10000,23,3,0,0.0,,0.0,0.0,0,False,insufficient_mutual_matches
right:50,left:46,10000,34,8,0,0.0,,0.0,0.0,0,False,insufficient_mutual_matches
right:50,right:46,10000,30,5,0,0.0,,0.0,0.0,0,False,insufficient_mutual_matches
left:50,left:34,10000,387,254,160,0.6299212598425197,1.9144772529488834,0.09569811063582696,0.08286548357761798,40,True,accepted
left:50,right:34,10000,396,285,167,0.5859649122807018,1.4262214666547197,0.22380263967288877,0.1929831529052708,40,True,accepted
right:50,left:34,10000,385,261,139,0.5325670498084292,1.4941967433173655,0.22166015602847192,0.20794295626247672,40,True,accepted
right:50,right:34,10000,380,276,186,0.6739130434782609,1.9975171693512759,0.14499593899188812,0.12780888832429094,40,True,accepted
left:50,left:35,10000,352,267,209,0.7827715355805244,1.3509444578236907,0.060952260345581544,0.050120901568406755,40,True,accepted
left:50,right:35,10000,366,268,209,0.7798507462686567,1.2925421796610261,0.05820658420057532,0.047848042468996516,40,True,accepted
right:50,left:35,10000,367,281,208,0.7402135231316725,1.5602048557080157,0.1929838879100151,0.17656473020996466,40,True,accepted
right:50,right:35,10000,366,274,202,0.7372262773722628,1.6164996242535095,0.2578777900488141,0.23483979995483115,40,True,accepted
left:50,left:33,10000,142,82,35,0.4268292682926829,1.4276504786670525,0.06376095784013056,0.06766196664050259,0,False,inlier_count
left:50,right:33,10000,147,85,39,0.4588235294117647,1.7677367337575247,0.28332724083563465,0.29860111152876495,0,False,inlier_count
right:50,left:33,10000,148,80,39,0.4875,1.3030558411672462,0.0700182338167758,0.07399412614549462,0,False,inlier_count
right:50,right:33,10000,154,92,42,0.45652173913043476,1.7373984554798658,0.22384460774883036,0.24066430910196362,40,True,accepted
left:50,left:4,10000,27,5,0,0.0,,0.0,0.0,0,False,insufficient_mutual_matches
left:50,right:4,10000,19,4,0,0.0,,0.0,0.0,0,False,insufficient_mutual_matches
right:50,left:4,10000,23,5,0,0.0,,0.0,0.0,0,False,insufficient_mutual_matches
right:50,right:4,10000,16,5,0,0.0,,0.0,0.0,0,False,insufficient_mutual_matches
left:50,left:8,10000,34,10,0,0.0,,0.0,0.0,0,False,insufficient_mutual_matches
left:50,right:8,10000,37,8,0,0.0,,0.0,0.0,0,False,insufficient_mutual_matches
right:50,left:8,10000,27,7,0,0.0,,0.0,0.0,0,False,insufficient_mutual_matches
right:50,right:8,10000,32,8,0,0.0,,0.0,0.0,0,False,insufficient_mutual_matches
left:50,left:28,10000,24,5,0,0.0,,0.0,0.0,0,False,insufficient_mutual_matches
left:50,right:28,10000,24,7,0,0.0,,0.0,0.0,0,False,insufficient_mutual_matches
right:50,left:28,10000,21,4,0,0.0,,0.0,0.0,0,False,insufficient_mutual_matches
right:50,right:28,10000,21,7,0,0.0,,0.0,0.0,0,False,insufficient_mutual_matches
left:50,left:32,10000,64,25,0,0.0,,0.0,0.0,0,False,insufficient_mutual_matches
left:50,right:32,10000,62,22,0,0.0,,0.0,0.0,0,False,insufficient_mutual_matches
right:50,left:32,10000,74,24,0,0.0,,0.0,0.0,0,False,insufficient_mutual_matches
right:50,right:32,10000,75,27,0,0.0,,0.0,0.0,0,False,insufficient_mutual_matches
left:50,left:25,10000,42,8,0,0.0,,0.0,0.0,0,False,insufficient_mutual_matches
left:50,right:25,10000,30,7,0,0.0,,0.0,0.0,0,False,insufficient_mutual_matches
right:50,left:25,10000,46,6,0,0.0,,0.0,0.0,0,False,insufficient_mutual_matches
right:50,right:25,10000,32,5,0,0.0,,0.0,0.0,0,False,insufficient_mutual_matches
left:51,right:51,10000,8116,8065,8061,0.9995040297582145,0.0672706465813967,0.9376541217656935,0.9376443385270447,40,True,accepted
left:51,left:50,10000,1881,1660,1459,0.8789156626506024,1.1383615125142676,0.3327583378539787,0.3373684256978582,40,True,accepted
left:51,right:50,10000,1932,1680,1479,0.8803571428571428,1.1550260033836814,0.3304038789213951,0.3350516703983996,40,True,accepted
right:51,left:50,10000,1864,1620,1425,0.8796296296296297,1.1658331439956782,0.322802066472404,0.3274247061672372,40,True,accepted
right:51,right:50,10000,1915,1661,1474,0.8874172185430463,1.2350770617935316,0.3022998314732473,0.3066104271718923,40,True,accepted
left:51,left:49,10000,271,179,111,0.6201117318435754,1.359470835806837,0.09413454476349893,0.09201264375617899,40,True,accepted
left:51,right:49,10000,285,183,112,0.6120218579234973,1.455187501985497,0.13810164934769656,0.13508573036224628,40,True,accepted
right:51,left:49,10000,244,161,103,0.639751552795031,1.1937398751115866,0.0926515440994353,0.09060630473565517,40,True,accepted
right:51,right:49,10000,283,178,116,0.651685393258427,1.4950038827403953,0.06559735652020993,0.0645659301978629,40,True,accepted
left:51,left:47,10000,25,2,0,0.0,,0.0,0.0,0,False,insufficient_mutual_matches
left:51,right:47,10000,25,3,0,0.0,,0.0,0.0,0,False,insufficient_mutual_matches
right:51,left:47,10000,29,3,0,0.0,,0.0,0.0,0,False,insufficient_mutual_matches
right:51,right:47,10000,35,8,0,0.0,,0.0,0.0,0,False,insufficient_mutual_matches
left:51,left:33,10000,368,240,129,0.5375,1.475248958468788,0.15563229697434244,0.14075240770179628,40,True,accepted
left:51,right:33,10000,383,269,128,0.4758364312267658,1.2721879313513849,0.16533537010878024,0.1486304172788412,40,True,accepted
right:51,left:33,10000,384,262,146,0.5572519083969466,1.7944281615853825,0.15776693955806806,0.14354006610559428,40,True,accepted
right:51,right:33,10000,382,268,153,0.5708955223880597,1.5340621169321906,0.1754815363744125,0.15875696295805528,40,True,accepted
left:51,left:31,10000,87,45,17,0.37777777777777777,1.4510467042527726,0.10495488580902075,0.10504607218295042,0,False,inlier_count
left:51,right:31,10000,98,46,18,0.391304347826087,1.6584343423150427,0.13294205652393015,0.13344094412030022,0,False,inlier_count
right:51,left:31,10000,92,52,17,0.3269230769230769,1.1043891781859587,0.11058371568395872,0.11190056508843343,0,False,inlier_count
right:51,right:31,10000,101,47,17,0.3617021276595745,1.1895215504392578,0.12976151702540095,0.1284820718812771,0,False,inlier_count
left:51,left:17,10000,30,7,0,0.0,,0.0,0.0,0,False,insufficient_mutual_matches
left:51,right:17,10000,21,3,0,0.0,,0.0,0.0,0,False,insufficient_mutual_matches
right:51,left:17,10000,29,4,0,0.0,,0.0,0.0,0,False,insufficient_mutual_matches
right:51,right:17,10000,24,5,0,0.0,,0.0,0.0,0,False,insufficient_mutual_matches
left:51,left:26,10000,33,5,0,0.0,,0.0,0.0,0,False,insufficient_mutual_matches
left:51,right:26,10000,51,6,0,0.0,,0.0,0.0,0,False,insufficient_mutual_matches
right:51,left:26,10000,36,4,0,0.0,,0.0,0.0,0,False,insufficient_mutual_matches
right:51,right:26,10000,40,6,0,0.0,,0.0,0.0,0,False,insufficient_mutual_matches
left:51,left:32,10000,191,113,46,0.40707964601769914,0.9659499921584898,0.024170216036950107,0.029711225876380847,0,False,coverage
left:51,right:32,10000,191,125,54,0.432,1.146538210271409,0.08009385834338244,0.08688745861952396,40,True,accepted
right:51,left:32,10000,206,131,61,0.46564885496183206,1.609774405950022,0.1966530509041085,0.21296799996940924,40,True,accepted
right:51,right:32,10000,216,138,61,0.4420289855072464,1.4937366600083222,0.09422939323134871,0.099755194214012,40,True,accepted
left:51,left:11,10000,23,5,0,0.0,,0.0,0.0,0,False,insufficient_mutual_matches
left:51,right:11,10000,30,7,0,0.0,,0.0,0.0,0,False,insufficient_mutual_matches
right:51,left:11,10000,21,4,0,0.0,,0.0,0.0,0,False,insufficient_mutual_matches
right:51,right:11,10000,22,4,0,0.0,,0.0,0.0,0,False,insufficient_mutual_matches
left:51,left:29,10000,38,9,0,0.0,,0.0,0.0,0,False,insufficient_mutual_matches
left:51,right:29,10000,47,15,0,0.0,,0.0,0.0,0,False,insufficient_mutual_matches
right:51,left:29,10000,38,11,0,0.0,,0.0,0.0,0,False,insufficient_mutual_matches
right:51,right:29,10000,40,11,0,0.0,,0.0,0.0,0,False,insufficient_mutual_matches
left:51,left:34,10000,329,238,163,0.6848739495798319,1.6125900588831714,0.22161098801003684,0.21195445491546572,40,True,accepted
left:51,right:34,10000,349,234,167,0.7136752136752137,1.453608640022333,0.11956257392060836,0.10346598130396337,40,True,accepted
right:51,left:34,10000,363,260,200,0.7692307692307693,1.9219186929248975,0.11182578066275202,0.09818449188328282,40,True,accepted
right:51,right:34,10000,360,264,198,0.75,1.798594105157895,0.11711393097074721,0.10157356653668702,40,True,accepted
left:51,left:22,10000,32,13,0,0.0,,0.0,0.0,0,False,insufficient_mutual_matches
left:51,right:22,10000,29,12,0,0.0,,0.0,0.0,0,False,insufficient_mutual_matches
right:51,left:22,10000,30,7,0,0.0,,0.0,0.0,0,False,insufficient_mutual_matches
right:51,right:22,10000,30,8,0,0.0,,0.0,0.0,0,False,insufficient_mutual_matches
left:52,right:52,10001,8070,8023,8022,0.9998753583447588,0.06333301372760125,0.9700355446033435,0.9700429562282556,40,True,accepted
left:52,left:51,10001,2748,2503,2196,0.8773471833799441,1.110615105402824,0.3757769326315915,0.3825936127640027,40,True,accepted
left:52,right:51,10001,2760,2512,2208,0.8789808917197452,1.0935521143141798,0.3741963058817161,0.38087879156077015,40,True,accepted
right:52,left:51,10000,2715,2465,2076,0.8421906693711968,1.0944782702793046,0.36756721324439073,0.37394813725495857,40,True,accepted
right:52,right:51,10000,2672,2440,2136,0.8754098360655738,1.0789325219854544,0.4213076313589603,0.42929195887269067,40,True,accepted
left:52,left:50,10001,421,309,224,0.7249190938511327,1.4239625264823768,0.1784195663684192,0.18379942085751255,40,True,accepted
left:52,right:50,10001,413,301,209,0.6943521594684385,1.4952392838452606,0.21975327751596432,0.228655685527698,40,True,accepted
right:52,left:50,10000,418,320,220,0.6875,1.249970259649895,0.21187768356188552,0.21965823634738288,40,True,accepted
right:52,right:50,10000,423,306,215,0.7026143790849673,1.3719100985746682,0.22018003251077123,0.22827525588594946,40,True,accepted
left:52,left:48,10001,30,5,0,0.0,,0.0,0.0,0,False,insufficient_mutual_matches
left:52,right:48,10001,28,7,0,0.0,,0.0,0.0,0,False,insufficient_mutual_matches
right:52,left:48,10000,28,8,0,0.0,,0.0,0.0,0,False,insufficient_mutual_matches
right:52,right:48,10000,26,6,0,0.0,,0.0,0.0,0,False,insufficient_mutual_matches
left:52,left:32,10001,388,269,145,0.5390334572490706,1.4602073360097616,0.19000795480857505,0.1989507159474044,40,True,accepted
left:52,right:32,10001,416,278,141,0.5071942446043165,1.4631485991290678,0.20785492501986594,0.21703388549552577,40,True,accepted
right:52,left:32,10000,389,260,137,0.5269230769230769,1.4422030184708732,0.19166515042688081,0.20061095922078417,40,True,accepted
right:52,right:32,10000,408,264,126,0.4772727272727273,1.4363262215166395,0.32490585911095604,0.3306980784667518,40,True,accepted
left:52,left:31,10001,230,147,70,0.47619047619047616,1.250690258342947,0.13373421281121023,0.14130499305366986,40,True,accepted
left:52,right:31,10001,239,157,74,0.4713375796178344,1.1163944893499327,0.04934956203064681,0.05997078121946562,40,True,accepted
right:52,left:31,10000,256,162,78,0.48148148148148145,1.0681502397591593,0.04447494488731944,0.054511475392577224,40,True,accepted
right:52,right:31,10000,242,154,73,0.474025974025974,1.485383867355854,0.13524038549698927,0.14298339316778974,40,True,accepted
left:52,left:33,10001,290,193,121,0.6269430051813472,1.6597627379250572,0.137136894309076,0.12575139206076,40,True,accepted
left:52,right:33,10001,289,204,125,0.6127450980392157,1.4493259701706656,0.13934884587240565,0.1261208896742804,40,True,accepted
right:52,left:33,10000,307,209,121,0.5789473684210527,1.585156161798363,0.1316021890228463,0.11976431523204369,40,True,accepted
right:52,right:33,10000,302,202,134,0.6633663366336634,1.8109933810460364,0.2719075370260095,0.2675064368739423,40,True,accepted
left:52,left:18,10001,29,2,0,0.0,,0.0,0.0,0,False,insufficient_mutual_matches
left:52,right:18,10001,23,0,0,0.0,,0.0,0.0,0,False,insufficient_mutual_matches
right:52,left:18,10000,25,5,0,0.0,,0.0,0.0,0,False,insufficient_mutual_matches
right:52,right:18,10000,31,3,0,0.0,,0.0,0.0,0,False,insufficient_mutual_matches
left:52,left:27,10001,32,9,0,0.0,,0.0,0.0,0,False,insufficient_mutual_matches
left:52,right:27,10001,29,11,0,0.0,,0.0,0.0,0,False,insufficient_mutual_matches
right:52,left:27,10000,27,8,0,0.0,,0.0,0.0,0,False,insufficient_mutual_matches
right:52,right:27,10000,29,8,0,0.0,,0.0,0.0,0,False,insufficient_mutual_matches
left:53,right:53,10000,8026,7993,7993,1.0,0.06392876554489697,0.9604295990907257,0.9604065463973456,40,True,accepted
left:53,left:52,10000,2481,2278,1689,0.7414398595258999,1.3401549167409346,0.3660874690927796,0.3779372253575369,40,True,accepted
left:53,right:52,10000,2462,2236,1492,0.667262969588551,1.4142457166662763,0.33994867743289864,0.350150380014663,40,True,accepted
right:53,left:52,10000,2476,2245,1766,0.7866369710467706,1.5351428851273152,0.36310693980573844,0.3746088869687529,40,True,accepted
right:53,right:52,10000,2486,2248,1780,0.791814946619217,1.6381470095400228,0.33438521315828235,0.3447683426631187,40,True,accepted
left:53,left:51,10000,493,362,274,0.7569060773480663,1.3094602491811214,0.248320734846447,0.2626953722859491,40,True,accepted
left:53,right:51,10000,494,379,276,0.7282321899736148,1.2875391349613243,0.2512277061182611,0.2656029160265969,40,True,accepted
right:53,left:51,10000,474,352,272,0.7727272727272727,1.2317871166997316,0.265294812510653,0.2808914215108387,40,True,accepted
right:53,right:51,10000,488,367,283,0.771117166212534,1.3660204994448621,0.24173062653646749,0.2551652956697112,40,True,accepted
left:53,left:49,10000,46,10,0,0.0,,0.0,0.0,0,False,insufficient_mutual_matches
left:53,right:49,10000,34,6,0,0.0,,0.0,0.0,0,False,insufficient_mutual_matches
right:53,left:49,10000,47,16,0,0.0,,0.0,0.0,0,False,insufficient_mutual_matches
right:53,right:49,10000,40,11,0,0.0,,0.0,0.0,0,False,insufficient_mutual_matches
left:53,left:31,10000,480,357,165,0.46218487394957986,1.9392161508089591,0.24035259262422737,0.2577523109149407,40,True,accepted
left:53,right:31,10000,504,362,150,0.4143646408839779,1.6667547839078762,0.2966130386280707,0.31277734382294686,40,True,accepted
right:53,left:31,10000,493,359,164,0.4568245125348189,1.5245544431348326,0.3185479301856357,0.34277214400970946,40,True,accepted
right:53,right:31,10000,487,359,167,0.46518105849582175,1.5279134009461934,0.2999215545702785,0.3102420438651367,40,True,accepted
left:53,left:30,10000,240,156,80,0.5128205128205128,1.4946065679241838,0.05524945505255171,0.06717011819443125,40,True,accepted
left:53,right:30,10000,242,162,86,0.5308641975308642,1.281768601015572,0.12918579958512055,0.14365758216180557,40,True,accepted
right:53,left:30,10000,252,166,91,0.5481927710843374,1.5229849186256463,0.1635718667456267,0.1803762000632231,40,True,accepted
right:53,right:30,10000,266,180,87,0.48333333333333334,0.9901134467715691,0.05639216777838048,0.0687927767278529,40,True,accepted
left:53,left:32,10000,323,222,138,0.6216216216216216,1.3409430917705933,0.19348401805946192,0.196735084594109,40,True,accepted
left:53,right:32,10000,334,231,147,0.6363636363636364,1.2634666418174962,0.27274717247349767,0.28287061015975806,40,True,accepted
right:53,left:32,10000,336,225,144,0.64,1.1835011907433888,0.13538960096289393,0.13207780154028118,40,True,accepted
right:53,right:32,10000,332,223,135,0.6053811659192825,1.9051248327316603,0.29031759422841463,0.2925022157211498,40,True,accepted
left:53,left:24,10000,49,24,0,0.0,,0.0,0.0,0,False,insufficient_mutual_matches
left:53,right:24,10000,34,18,0,0.0,,0.0,0.0,0,False,insufficient_mutual_matches
right:53,left:24,10000,51,22,0,0.0,,0.0,0.0,0,False,insufficient_mutual_matches
right:53,right:24,10000,32,14,0,0.0,,0.0,0.0,0,False,insufficient_mutual_matches
left:53,left:39,10000,18,3,0,0.0,,0.0,0.0,0,False,insufficient_mutual_matches
left:53,right:39,10000,18,3,0,0.0,,0.0,0.0,0,False,insufficient_mutual_matches
right:53,left:39,10000,17,3,0,0.0,,0.0,0.0,0,False,insufficient_mutual_matches
right:53,right:39,10000,13,3,0,0.0,,0.0,0.0,0,False,insufficient_mutual_matches
left:53,left:29,10000,46,17,0,0.0,,0.0,0.0,0,False,insufficient_mutual_matches
left:53,right:29,10000,52,19,0,0.0,,0.0,0.0,0,False,insufficient_mutual_matches
right:53,left:29,10000,44,25,0,0.0,,0.0,0.0,0,False,insufficient_mutual_matches
right:53,right:29,10000,53,23,0,0.0,,0.0,0.0,0,False,insufficient_mutual_matches
left:54,right:54,10001,8162,8112,8111,0.9998767258382643,0.06260868256352257,0.9658576020190389,0.9658833333516923,40,True,accepted
left:54,left:53,10001,2694,2456,1749,0.7121335504885994,1.5978521552206986,0.35499730953641767,0.3633541585200362,40,True,accepted
left:54,right:53,10001,2679,2420,1834,0.7578512396694215,1.525797891841579,0.3134664060487015,0.3213501415202693,40,True,accepted
right:54,left:53,10000,2728,2475,1936,0.7822222222222223,1.583615291207202,0.348590685484323,0.35859802617052855,40,True,accepted
right:54,right:53,10000,2725,2460,1823,0.7410569105691057,1.5777475249345343,0.3081323360121479,0.31533412576348785,40,True,accepted
left:54,left:52,10001,445,335,208,0.6208955223880597,1.8991247551855888,0.22579190079271097,0.2421702127533279,40,True,accepted
left:54,right:52,10001,419,322,190,0.5900621118012422,1.6492459175770615,0.13194537618256982,0.1392027374308811,40,True,accepted
right:54,left:52,10000,441,339,205,0.6047197640117994,1.810461654203101,0.21090553665241135,0.22586418823917429,40,True,accepted
right:54,right:52,10000,427,320,193,0.603125,1.756298451029757,0.19477132561558108,0.209608030108267,40,True,accepted
left:54,left:50,10001,37,17,0,0.0,,0.0,0.0,0,False,insufficient_mutual_matches
left:54,right:50,10001,43,16,0,0.0,,0.0,0.0,0,False,insufficient_mutual_matches
right:54,left:50,10000,33,13,0,0.0,,0.0,0.0,0,False,insufficient_mutual_matches
right:54,right:50,10000,43,12,0,0.0,,0.0,0.0,0,False,insufficient_mutual_matches
left:54,left:30,10001,656,473,244,0.5158562367864693,1.4308166269235822,0.2974710096222097,0.3111008610504134,40,True,accepted
left:54,right:30,10001,666,505,245,0.48514851485148514,1.6541130645612367,0.30160140348350956,0.3168935759396963,40,True,accepted
right:54,left:30,10000,669,483,227,0.4699792960662526,1.3602420507496655,0.2888894785944739,0.30312440087915876,40,True,accepted
right:54,right:30,10000,669,495,228,0.46060606060606063,1.671453952606792,0.37492599510484204,0.4075407028131818,40,True,accepted
left:54,left:5,10001,16,5,0,0.0,,0.0,0.0,0,False,insufficient_mutual_matches
left:54,right:5,10001,13,4,0,0.0,,0.0,0.0,0,False,insufficient_mutual_matches
right:54,left:5,10000,16,5,0,0.0,,0.0,0.0,0,False,insufficient_mutual_matches
right:54,right:5,10000,14,2,0,0.0,,0.0,0.0,0,False,insufficient_mutual_matches
left:54,left:3,10001,18,5,0,0.0,,0.0,0.0,0,False,insufficient_mutual_matches
left:54,right:3,10001,27,6,0,0.0,,0.0,0.0,0,False,insufficient_mutual_matches
right:54,left:3,10000,25,9,0,0.0,,0.0,0.0,0,False,insufficient_mutual_matches
right:54,right:3,10000,38,9,0,0.0,,0.0,0.0,0,False,insufficient_mutual_matches
left:54,left:25,10001,72,32,0,0.0,,0.0,0.0,0,False,insufficient_mutual_matches
left:54,right:25,10001,57,23,0,0.0,,0.0,0.0,0,False,insufficient_mutual_matches
right:54,left:25,10000,64,30,0,0.0,,0.0,0.0,0,False,insufficient_mutual_matches
right:54,right:25,10000,55,32,0,0.0,,0.0,0.0,0,False,insufficient_mutual_matches
left:54,left:31,10001,429,329,216,0.6565349544072948,1.4221888229935562,0.13188675789530493,0.13184438209547117,40,True,accepted
left:54,right:31,10001,441,343,208,0.6064139941690962,1.9350822246545347,0.14066244141284406,0.13741215354534672,40,True,accepted
right:54,left:31,10000,452,321,205,0.6386292834890965,1.4719449378304772,0.13060490912971548,0.13054420552762466,40,True,accepted
right:54,right:31,10000,431,314,189,0.6019108280254777,1.3565103406417265,0.13043956323208375,0.13041385658608143,40,True,accepted
left:54,left:34,10001,30,6,0,0.0,,0.0,0.0,0,False,insufficient_mutual_matches
left:54,right:34,10001,25,8,0,0.0,,0.0,0.0,0,False,insufficient_mutual_matches
right:54,left:34,10000,37,11,0,0.0,,0.0,0.0,0,False,insufficient_mutual_matches
right:54,right:34,10000,27,8,0,0.0,,0.0,0.0,0,False,insufficient_mutual_matches
left:55,right:55,10001,8038,7991,7990,0.9998748592166187,0.06386668775710382,0.9669297491200318,0.9670246405896709,40,True,accepted
left:55,left:54,10001,3462,3200,2593,0.8103125,1.3468773603963338,0.3666886897176643,0.36600087836865436,40,True,accepted
left:55,right:54,10001,3492,3224,2511,0.7788461538461539,1.3114106095348528,0.39040698896217935,0.38870282596057404,40,True,accepted
right:55,left:54,10000,3432,3204,2528,0.7890137328339576,1.3343577140620198,0.3247433013709084,0.32307783535217943,40,True,accepted
right:55,right:54,10000,3468,3213,2503,0.7790227201991908,1.290802053406396,0.3745597291980356,0.3736253585764911,40,True,accepted
left:55,left:53,10001,669,517,322,0.6228239845261122,1.8338722582428595,0.18877142509779773,0.1889704920737459,40,True,accepted
left:55,right:53,10001,629,476,289,0.6071428571428571,1.746442432540161,0.200946723722743,0.20364876428357392,40,True,accepted
right:55,left:53,10000,628,498,283,0.5682730923694779,1.5537198849213838,0.1441703922701306,0.14337883498593168,40,True,accepted
right:55,right:53,10000,610,476,301,0.6323529411764706,1.7957501869157135,0.19209496308314328,0.1925674826432485,40,True,accepted
left:55,left:51,10001,44,15,0,0.0,,0.0,0.0,0,False,insufficient_mutual_matches
left:55,right:51,10001,48,17,0,0.0,,0.0,0.0,0,False,insufficient_mutual_matches
right:55,left:51,10000,53,19,0,0.0,,0.0,0.0,0,False,insufficient_mutual_matches
right:55,right:51,10000,43,13,0,0.0,,0.0,0.0,0,False,insufficient_mutual_matches
left:55,left:29,10001,338,225,99,0.44,1.9870147215535316,0.22289653257773875,0.2223187618531041,40,True,accepted
left:55,right:29,10001,340,237,98,0.41350210970464135,1.6176584484051564,0.23315738148120624,0.23493953006502205,40,True,accepted
right:55,left:29,10000,338,237,113,0.4767932489451477,1.6578757335052003,0.2504734269012248,0.2599115991555015,40,True,accepted
right:55,right:29,10000,332,227,99,0.43612334801762115,1.8018219744035355,0.20799091006941708,0.21604963384906128,40,True,accepted
left:55,left:30,10001,643,503,261,0.5188866799204771,1.4534896228017378,0.10905859238736361,0.10745253349058242,40,True,accepted
left:55,right:30,10001,642,503,267,0.5308151093439364,2.0607028685882804,0.24732417130162718,0.24637720942264207,40,True,accepted
right:55,left:30,10000,638,496,272,0.5483870967741935,1.6547265212622733,0.2732808050635419,0.2835880511788873,40,True,accepted
right:55,right:30,10000,629,490,220,0.4489795918367347,1.995296019822233,0.29375280655825153,0.2850623053062172,40,True,accepted
left:55,left:9,10001,26,3,0,0.0,,0.0,0.0,0,False,insufficient_mutual_matches
left:55,right:9,10001,31,9,0,0.0,,0.0,0.0,0,False,insufficient_mutual_matches
right:55,left:9,10000,25,5,0,0.0,,0.0,0.0,0,False,insufficient_mutual_matches
right:55,right:9,10000,23,4,0,0.0,,0.0,0.0,0,False,insufficient_mutual_matches
left:56,right:56,10001,7901,7835,7835,1.0,0.07020294330871955,0.9632607939782558,0.9632626800141505,40,True,accepted
left:56,left:55,10001,1315,1035,954,0.9217391304347826,1.2668079237405672,0.4084170672542298,0.39396086448993245,40,True,accepted
left:56,right:55,10001,1263,1001,943,0.942057942057942,1.234593597135576,0.4297141343646572,0.41399127811120906,40,True,accepted
right:56,left:55,10000,1304,1040,971,0.9336538461538462,1.2832504942428744,0.43819266004763363,0.4216176532735238,40,True,accepted
right:56,right:55,10000,1275,1003,928,0.9252243270189432,1.2630354460805964,0.4307437100215891,0.41475089217498495,40,True,accepted
left:56,left:54,10001,528,346,265,0.7658959537572254,1.7754087229750997,0.30865013259727087,0.299039187044879,40,True,accepted
left:56,right:54,10001,524,350,272,0.7771428571428571,1.8117980043342738,0.3132541535059794,0.3040405656500744,40,True,accepted
right:56,left:54,10000,491,354,301,0.8502824858757062,1.8299823125859245,0.3104394090077565,0.3002781322357748,40,True,accepted
right:56,right:54,10000,488,341,253,0.7419354838709677,1.4777523872054286,0.2481920952227385,0.23577412495030728,40,True,accepted
left:56,left:52,10001,51,15,0,0.0,,0.0,0.0,0,False,insufficient_mutual_matches
left:56,right:52,10001,54,14,0,0.0,,0.0,0.0,0,False,insufficient_mutual_matches
right:56,left:52,10000,49,11,0,0.0,,0.0,0.0,0,False,insufficient_mutual_matches
right:56,right:52,10000,42,13,0,0.0,,0.0,0.0,0,False,insufficient_mutual_matches
left:56,left:29,10001,139,85,39,0.4588235294117647,0.8304372073325809,0.013571012177955378,0.013079292402923935,0,False,inlier_count+coverage
left:56,right:29,10001,127,76,36,0.47368421052631576,1.2070371410289438,0.02103368942988653,0.01983419413223703,0,False,inlier_count+coverage
right:56,left:29,10000,134,73,32,0.4383561643835616,1.2907908219493578,0.09410382030640142,0.0856783163889448,0,False,inlier_count
right:56,right:29,10000,122,72,30,0.4166666666666667,0.7054469461325618,0.020915703056434372,0.020359691576734295,0,False,inlier_count+coverage
left:56,left:18,10001,23,5,0,0.0,,0.0,0.0,0,False,insufficient_mutual_matches
left:56,right:18,10001,31,8,0,0.0,,0.0,0.0,0,False,insufficient_mutual_matches
right:56,left:18,10000,29,4,0,0.0,,0.0,0.0,0,False,insufficient_mutual_matches
right:56,right:18,10000,36,9,0,0.0,,0.0,0.0,0,False,insufficient_mutual_matches
left:56,left:16,10001,25,5,0,0.0,,0.0,0.0,0,False,insufficient_mutual_matches
left:56,right:16,10001,31,6,0,0.0,,0.0,0.0,0,False,insufficient_mutual_matches
right:56,left:16,10000,24,4,0,0.0,,0.0,0.0,0,False,insufficient_mutual_matches
right:56,right:16,10000,36,8,0,0.0,,0.0,0.0,0,False,insufficient_mutual_matches
left:56,left:32,10001,33,4,0,0.0,,0.0,0.0,0,False,insufficient_mutual_matches
left:56,right:32,10001,36,9,0,0.0,,0.0,0.0,0,False,insufficient_mutual_matches
right:56,left:32,10000,29,7,0,0.0,,0.0,0.0,0,False,insufficient_mutual_matches
right:56,right:32,10000,35,9,0,0.0,,0.0,0.0,0,False,insufficient_mutual_matches
left:57,right:57,10001,7796,7748,7747,0.9998709344346928,0.07396129100330505,0.9748676683303024,0.9748162582726747,40,True,accepted
left:57,left:56,10001,2926,2647,1731,0.6539478655081225,1.2125345754567967,0.3688219078638414,0.35684318779086616,40,True,accepted
left:57,right:56,10001,2916,2615,1721,0.6581261950286806,1.2560038915920488,0.36183414993575985,0.35103405379510016,40,True,accepted
right:57,left:56,10000,2924,2637,1708,0.6477057262040197,1.2304270407628737,0.369767805505982,0.35812438019589793,40,True,accepted
right:57,right:56,10000,2946,2643,1735,0.6564510026485055,1.267424334299366,0.3700515066611494,0.3586607917149205,40,True,accepted
left:57,left:55,10001,408,277,185,0.6678700361010831,1.5931528313403502,0.23630956736462405,0.22370205877783383,40,True,accepted
left:57,right:55,10001,410,278,197,0.7086330935251799,1.9152213588890548,0.30426272101120205,0.2803029296699281,40,True,accepted
right:57,left:55,10000,373,264,183,0.6931818181818182,1.6665336196735907,0.22970917086952547,0.2171578096641114,40,True,accepted
right:57,right:55,10000,391,255,169,0.6627450980392157,1.7050397423587167,0.20936650647935695,0.19950344497987893,40,True,accepted
left:57,left:53,10001,107,40,20,0.5,1.481842550112526,0.15262723190218125,0.15332059206769494,0,False,inlier_count
left:57,right:53,10001,97,45,21,0.4666666666666667,1.7720774544010194,0.15973638949933952,0.1599626038180326,0,False,inlier_count
right:57,left:53,10000,99,42,19,0.4523809523809524,1.347433491679825,0.11549852050125434,0.1067070444662908,0,False,inlier_count
right:57,right:53,10000,91,43,15,0.3488372093023256,1.8031800938683937,0.23488594765254914,0.22414234778267486,0,False,inlier_count
left:57,left:29,10001,92,49,18,0.3673469387755102,1.1042952116954174,0.007532488677006951,0.0074001186331912085,0,False,inlier_count+coverage
left:57,right:29,10001,82,45,22,0.4888888888888889,0.9749645613984419,0.009056043934549748,0.008955504705695444,0,False,inlier_count+coverage
right:57,left:29,10000,89,51,20,0.39215686274509803,1.2049840600892623,0.06539287675111538,0.06018813840064638,0,False,inlier_count
right:57,right:29,10000,79,45,20,0.4444444444444444,1.4154541409530812,0.015934446007925325,0.015449238775110155,0,False,inlier_count+coverage
left:57,left:35,10001,22,3,0,0.0,,0.0,0.0,0,False,insufficient_mutual_matches
left:57,right:35,10001,24,4,0,0.0,,0.0,0.0,0,False,insufficient_mutual_matches
right:57,left:35,10000,34,4,0,0.0,,0.0,0.0,0,False,insufficient_mutual_matches
right:57,right:35,10000,25,3,0,0.0,,0.0,0.0,0,False,insufficient_mutual_matches
left:57,left:44,10001,29,8,0,0.0,,0.0,0.0,0,False,insufficient_mutual_matches
left:57,right:44,10001,24,6,0,0.0,,0.0,0.0,0,False,insufficient_mutual_matches
right:57,left:44,10000,26,6,0,0.0,,0.0,0.0,0,False,insufficient_mutual_matches
right:57,right:44,10000,24,3,0,0.0,,0.0,0.0,0,False,insufficient_mutual_matches
left:58,right:58,10000,8126,8081,8080,0.9998762529389927,0.061219268654045596,0.9639215869712286,0.9639311845833691,40,True,accepted
left:58,left:57,10000,1490,1097,923,0.8413855970829535,1.4285967746040686,0.43400853160541775,0.41808803285824747,40,True,accepted
left:58,right:57,10000,1484,1127,938,0.8322981366459627,1.33436565514389,0.42606114097866193,0.4116017806793002,40,True,accepted
right:58,left:57,10000,1440,1060,882,0.8320754716981132,1.3052908428042087,0.41638651771887236,0.40354061038603956,40,True,accepted
right:58,right:57,10000,1472,1104,924,0.8369565217391305,1.3488613104901825,0.4364567794277041,0.42097982026191894,40,True,accepted
left:58,left:56,10000,341,217,123,0.5668202764976958,1.525565839082166,0.23659615289019065,0.2241878768969332,40,True,accepted
left:58,right:56,10000,335,220,151,0.6863636363636364,1.8131030480372108,0.299080159684179,0.27849023650398597,40,True,accepted
right:58,left:56,10000,317,197,136,0.6903553299492385,1.6098716040320205,0.29658456099269953,0.2804649945729892,40,True,accepted
right:58,right:56,10000,330,213,148,0.6948356807511737,1.6075543682167845,0.310520244414552,0.2958863015639876,40,True,accepted
left:58,left:54,10000,574,454,276,0.6079295154185022,1.695859109169762,0.2897937188379621,0.2650636298656808,40,True,accepted
left:58,right:54,10000,577,439,254,0.5785876993166287,1.801807395908543,0.2306647837189059,0.2060535801563098,40,True,accepted
right:58,left:54,10000,600,465,302,0.6494623655913978,1.8499548469222018,0.27544810579969037,0.24732651551127446,40,True,accepted
right:58,right:54,10000,577,434,254,0.5852534562211982,2.0810189046850716,0.27069607305248056,0.24018196240566997,40,True,accepted
left:58,left:4,10000,22,7,0,0.0,,0.0,0.0,0,False,insufficient_mutual_matches
left:58,right:4,10000,18,3,0,0.0,,0.0,0.0,0,False,insufficient_mutual_matches
right:58,left:4,10000,21,5,0,0.0,,0.0,0.0,0,False,insufficient_mutual_matches
right:58,right:4,10000,21,4,0,0.0,,0.0,0.0,0,False,insufficient_mutual_matches
left:58,left:33,10000,28,5,0,0.0,,0.0,0.0,0,False,insufficient_mutual_matches
left:58,right:33,10000,35,8,0,0.0,,0.0,0.0,0,False,insufficient_mutual_matches
right:58,left:33,10000,28,4,0,0.0,,0.0,0.0,0,False,insufficient_mutual_matches
right:58,right:33,10000,30,8,0,0.0,,0.0,0.0,0,False,insufficient_mutual_matches
left:58,left:1,10000,21,5,0,0.0,,0.0,0.0,0,False,insufficient_mutual_matches
left:58,right:1,10000,25,3,0,0.0,,0.0,0.0,0,False,insufficient_mutual_matches
right:58,left:1,10000,22,4,0,0.0,,0.0,0.0,0,False,insufficient_mutual_matches
right:58,right:1,10000,26,3,0,0.0,,0.0,0.0,0,False,insufficient_mutual_matches
left:58,left:29,10000,46,22,0,0.0,,0.0,0.0,0,False,insufficient_mutual_matches
left:58,right:29,10000,50,22,0,0.0,,0.0,0.0,0,False,insufficient_mutual_matches
right:58,left:29,10000,55,27,0,0.0,,0.0,0.0,0,False,insufficient_mutual_matches
right:58,right:29,10000,46,18,0,0.0,,0.0,0.0,0,False,insufficient_mutual_matches
left:58,left:27,10000,29,6,0,0.0,,0.0,0.0,0,False,insufficient_mutual_matches
left:58,right:27,10000,26,6,0,0.0,,0.0,0.0,0,False,insufficient_mutual_matches
right:58,left:27,10000,21,5,0,0.0,,0.0,0.0,0,False,insufficient_mutual_matches
right:58,right:27,10000,20,6,0,0.0,,0.0,0.0,0,False,insufficient_mutual_matches
left:59,right:59,10000,8168,8129,8128,0.9998769836388239,0.061936247141126055,0.9125769753413635,0.9125598306520355,40,True,accepted
left:59,left:58,10000,2120,1828,1367,0.7478118161925602,1.3961698298740464,0.3238212336871094,0.3145951661106093,40,True,accepted
left:59,right:58,10000,2090,1828,1401,0.7664113785557987,1.4297235038752307,0.335934099258823,0.3274043518780784,40,True,accepted
right:59,left:58,10000,2121,1835,1329,0.7242506811989101,1.3358646858240797,0.3352848165354841,0.3271102412333617,40,True,accepted
right:59,right:58,10000,2091,1814,1381,0.7613009922822491,1.535609131577105,0.39563681032419934,0.38151285016975145,40,True,accepted
left:59,left:57,10000,176,94,56,0.5957446808510638,1.6967163933920646,0.2526524497072101,0.23032044260400883,40,True,accepted
left:59,right:57,10000,172,99,61,0.6161616161616161,1.713918805502484,0.20034649970854432,0.18905817929086824,40,True,accepted
right:59,left:57,10000,163,95,60,0.631578947368421,1.6515926216125936,0.20881674428072167,0.19648454418755504,40,True,accepted
right:59,right:57,10000,169,95,61,0.6421052631578947,1.5679016770628589,0.20052021253688043,0.18964425979869703,40,True,accepted
left:59,left:55,10000,242,160,87,0.54375,1.9060747879668567,0.20163785559781783,0.17701046179077232,40,True,accepted
left:59,right:55,10000,249,154,84,0.5454545454545454,1.858810328043665,0.25622727789277205,0.22717666439292,40,True,accepted
right:59,left:55,10000,236,151,83,0.5496688741721855,1.5955799671913018,0.15676209265020272,0.1378825264763457,40,True,accepted
right:59,right:55,10000,233,141,87,0.6170212765957447,2.201752235460079,0.249733194721547,0.22140276651832205,40,True,accepted
left:59,left:37,10000,16,3,0,0.0,,0.0,0.0,0,False,insufficient_mutual_matches
left:59,right:37,10000,18,3,0,0.0,,0.0,0.0,0,False,insufficient_mutual_matches
right:59,left:37,10000,20,4,0,0.0,,0.0,0.0,0,False,insufficient_mutual_matches
right:59,right:37,10000,25,3,0,0.0,,0.0,0.0,0,False,insufficient_mutual_matches
left:59,left:8,10000,21,0,0,0.0,,0.0,0.0,0,False,insufficient_mutual_matches
left:59,right:8,10000,26,2,0,0.0,,0.0,0.0,0,False,insufficient_mutual_matches
right:59,left:8,10000,22,3,0,0.0,,0.0,0.0,0,False,insufficient_mutual_matches
right:59,right:8,10000,23,4,0,0.0,,0.0,0.0,0,False,insufficient_mutual_matches
left:59,left:49,10000,38,11,0,0.0,,0.0,0.0,0,False,insufficient_mutual_matches
left:59,right:49,10000,37,8,0,0.0,,0.0,0.0,0,False,insufficient_mutual_matches
right:59,left:49,10000,34,7,0,0.0,,0.0,0.0,0,False,insufficient_mutual_matches
right:59,right:49,10000,39,9,0,0.0,,0.0,0.0,0,False,insufficient_mutual_matches
left:59,left:43,10000,22,3,0,0.0,,0.0,0.0,0,False,insufficient_mutual_matches
left:59,right:43,10000,16,4,0,0.0,,0.0,0.0,0,False,insufficient_mutual_matches
right:59,left:43,10000,22,1,0,0.0,,0.0,0.0,0,False,insufficient_mutual_matches
right:59,right:43,10000,17,2,0,0.0,,0.0,0.0,0,False,insufficient_mutual_matches
left:60,right:60,10000,8160,8121,8120,0.9998768624553627,0.0624896611265718,0.9269890403614051,0.926946937379677,40,True,accepted
left:60,left:59,10000,2483,2207,1591,0.720888083371092,1.9013363200647153,0.44740802638544275,0.44005233252028253,40,True,accepted
left:60,right:59,10000,2507,2230,1685,0.7556053811659192,1.4075774834406538,0.3007892365198263,0.2977708508096155,40,True,accepted
right:60,left:59,10000,2467,2206,1748,0.7923844061650045,1.753854970198655,0.437730840644973,0.43043066253506335,40,True,accepted
right:60,right:59,10000,2469,2230,1712,0.7677130044843049,1.457948353740771,0.33851162946892044,0.33419443952811867,40,True,accepted
left:60,left:58,10000,272,165,96,0.5818181818181818,1.235383494218939,0.11835346284151325,0.11497318788994464,40,True,accepted
left:60,right:58,10000,259,170,96,0.5647058823529412,1.2578441963653235,0.11182853503557051,0.10878206249705967,40,True,accepted
right:60,left:58,10000,263,177,94,0.5310734463276836,1.2308008099592052,0.12271304900607685,0.11903676729617324,40,True,accepted
right:60,right:58,10000,261,181,102,0.56353591160221,1.3096040752453286,0.11604839009760802,0.11242576209696303,40,True,accepted
left:60,left:56,10000,44,14,0,0.0,,0.0,0.0,0,False,insufficient_mutual_matches
left:60,right:56,10000,45,18,0,0.0,,0.0,0.0,0,False,insufficient_mutual_matches
right:60,left:56,10000,48,18,0,0.0,,0.0,0.0,0,False,insufficient_mutual_matches
right:60,right:56,10000,50,16,0,0.0,,0.0,0.0,0,False,insufficient_mutual_matches
left:60,left:32,10000,63,32,0,0.0,,0.0,0.0,0,False,insufficient_mutual_matches
left:60,right:32,10000,71,28,0,0.0,,0.0,0.0,0,False,insufficient_mutual_matches
right:60,left:32,10000,70,33,0,0.0,,0.0,0.0,0,False,insufficient_mutual_matches
right:60,right:32,10000,80,40,18,0.45,1.1581079725810657,0.04824923296098265,0.04483950516696555,0,False,inlier_count
left:60,left:6,10000,18,3,0,0.0,,0.0,0.0,0,False,insufficient_mutual_matches
left:60,right:6,10000,22,4,0,0.0,,0.0,0.0,0,False,insufficient_mutual_matches
right:60,left:6,10000,13,1,0,0.0,,0.0,0.0,0,False,insufficient_mutual_matches
right:60,right:6,10000,26,2,0,0.0,,0.0,0.0,0,False,insufficient_mutual_matches
left:60,left:50,10000,138,87,62,0.7126436781609196,1.3945939702218224,0.1384807867029276,0.1290241173442893,40,True,accepted
left:60,right:50,10000,143,82,59,0.7195121951219512,1.3788805132935,0.08785449302857262,0.08060295705915307,40,True,accepted
right:60,left:50,10000,133,73,48,0.6575342465753424,1.215617427200804,0.12982309806807657,0.11875641822741871,40,True,accepted
right:60,right:50,10000,139,75,54,0.72,1.3970775196240461,0.09183643073152313,0.08463388698232403,40,True,accepted
left:60,left:12,10000,25,4,0,0.0,,0.0,0.0,0,False,insufficient_mutual_matches
left:60,right:12,10000,22,3,0,0.0,,0.0,0.0,0,False,insufficient_mutual_matches
right:60,left:12,10000,28,2,0,0.0,,0.0,0.0,0,False,insufficient_mutual_matches
right:60,right:12,10000,20,4,0,0.0,,0.0,0.0,0,False,insufficient_mutual_matches
left:61,right:61,10000,8125,8076,8076,1.0,0.06468886595426084,0.8971635973800666,0.8971640347118474,40,True,accepted
left:61,left:60,10000,2655,2377,1955,0.8224652923853597,1.1657206091053482,0.442456525808475,0.44100118363986324,40,True,accepted
left:61,right:60,10000,2682,2410,1964,0.8149377593360996,1.2622825416410792,0.46240831873675386,0.4599078682830027,40,True,accepted
right:61,left:60,10000,2666,2404,1974,0.8211314475873545,1.1221011791830733,0.44033242510670756,0.43853818108386017,40,True,accepted
right:61,right:60,10000,2658,2390,1937,0.8104602510460251,1.1983896788402633,0.4381144229385513,0.4365169182666221,40,True,accepted
left:61,left:59,10000,361,238,166,0.6974789915966386,1.5779949985582884,0.25833751724914367,0.2502353661042486,40,True,accepted
left:61,right:59,10000,353,244,155,0.6352459016393442,1.6245597758656711,0.21453519174042357,0.20969332278551758,40,True,accepted
right:61,left:59,10000,350,245,161,0.6571428571428571,1.726660281185865,0.2757803607958774,0.2678677821125217,40,True,accepted
right:61,right:59,10000,353,248,162,0.6532258064516129,1.6539102432226302,0.2167569260208861,0.21290265721326102,40,True,accepted
left:61,left:57,10000,26,9,0,0.0,,0.0,0.0,0,False,insufficient_mutual_matches
left:61,right:57,10000,38,12,0,0.0,,0.0,0.0,0,False,insufficient_mutual_matches
right:61,left:57,10000,32,9,0,0.0,,0.0,0.0,0,False,insufficient_mutual_matches
right:61,right:57,10000,32,5,0,0.0,,0.0,0.0,0,False,insufficient_mutual_matches
left:61,left:51,10000,557,406,328,0.8078817733990148,1.1237241831787945,0.34507542258606977,0.31771501261344653,40,True,accepted
left:61,right:51,10000,569,437,382,0.8741418764302059,1.3535417451423757,0.3025548123015022,0.2729225164211308,40,True,accepted
right:61,left:51,10000,562,415,361,0.8698795180722891,1.4021201085813066,0.3846873825264374,0.3525366574145273,40,True,accepted
right:61,right:51,10000,567,428,367,0.8574766355140186,1.3489754172175719,0.350657185267362,0.3196403160753154,40,True,accepted
left:61,left:50,10000,308,197,167,0.8477157360406091,1.3400918496173375,0.1761969967856559,0.16124217566286372,40,True,accepted
left:61,right:50,10000,333,222,188,0.8468468468468469,1.4093851747975792,0.18017283983030974,0.1636219060937376,40,True,accepted
right:61,left:50,10000,290,197,170,0.8629441624365483,1.3357358009250064,0.17264015031011481,0.15812259070389728,40,True,accepted
right:61,right:50,10000,313,213,175,0.8215962441314554,1.3310838105738017,0.20836240480344867,0.194634304302602,40,True,accepted
left:62,right:62,10001,8192,8143,8142,0.9998771951369274,0.06379442581412524,0.9063513313139835,0.9063047799530152,40,True,accepted
left:62,left:61,10001,2148,1883,1547,0.8215613382899628,0.8735555313019339,0.4131184188071813,0.4164889072505829,40,True,accepted
left:62,right:61,10001,2120,1887,1554,0.8235294117647058,0.8849383645107958,0.41771116799756086,0.42085641081982494,40,True,accepted
right:62,left:61,10000,2088,1876,1578,0.8411513859275054,0.8676088737442753,0.44843361860689473,0.4504675718100323,40,True,accepted
right:62,right:61,10000,2084,1865,1558,0.8353887399463807,0.8816502996952034,0.4694330299822665,0.4708143485618118,40,True,accepted
left:62,left:60,10001,356,234,154,0.6581196581196581,1.277944981401334,0.24533117859653097,0.2443533258085524,40,True,accepted
left:62,right:60,10001,342,231,150,0.6493506493506493,1.609673883090302,0.25288711459299357,0.25260018284417535,40,True,accepted
right:62,left:60,10000,327,239,167,0.698744769874477,1.3051989925393848,0.24569007809560597,0.24489394408416829,40,True,accepted
right:62,right:60,10000,337,224,154,0.6875,1.264450600055438,0.2503650157054907,0.24973934298353856,40,True,accepted
left:62,left:58,10001,49,11,0,0.0,,0.0,0.0,0,False,insufficient_mutual_matches
left:62,right:58,10001,46,8,0,0.0,,0.0,0.0,0,False,insufficient_mutual_matches
right:62,left:58,10000,40,11,0,0.0,,0.0,0.0,0,False,insufficient_mutual_matches
right:62,right:58,10000,49,12,0,0.0,,0.0,0.0,0,False,insufficient_mutual_matches
left:62,left:50,10001,567,425,378,0.8894117647058823,1.5614483746110106,0.21828103345267377,0.20129718832879562,40,True,accepted
left:62,right:50,10001,574,442,394,0.8914027149321267,1.5648352029451182,0.2116148067530352,0.19571702643267944,40,True,accepted
right:62,left:50,10000,568,430,385,0.8953488372093024,1.6530850244318218,0.20291515617684003,0.18792860200890324,40,True,accepted
right:62,right:50,10000,591,450,407,0.9044444444444445,1.571664962713102,0.20510442462643855,0.1899205235981006,40,True,accepted
left:62,left:49,10001,267,172,130,0.7558139534883721,1.2269634446519346,0.07088722399898345,0.0615872442826967,40,True,accepted
left:62,right:49,10001,286,187,130,0.6951871657754011,1.0812947637023609,0.060213067306944965,0.05241709567745317,40,True,accepted
right:62,left:49,10000,259,167,125,0.7485029940119761,1.2111875706430295,0.06778468113640082,0.058939516692393265,40,True,accepted
right:62,right:49,10000,271,179,133,0.7430167597765364,1.4455352923020313,0.1820591855230811,0.16363040296596876,40,True,accepted
left:62,left:51,10001,377,275,210,0.7636363636363637,1.4799890133562335,0.25906687695552905,0.2381538926715808,40,True,accepted
left:62,right:51,10001,395,284,231,0.8133802816901409,1.847342298653828,0.2546140456406632,0.2346024395237073,40,True,accepted
right:62,left:51,10000,388,290,217,0.7482758620689656,1.419998820237074,0.2624231970342791,0.24080211562699977,40,True,accepted
right:62,right:51,10000,394,291,239,0.8213058419243986,1.8074111106053299,0.23204252769046743,0.21525829071073926,40,True,accepted
left:62,left:46,10001,12,3,0,0.0,,0.0,0.0,0,False,insufficient_mutual_matches
left:62,right:46,10001,19,4,0,0.0,,0.0,0.0,0,False,insufficient_mutual_matches
right:62,left:46,10000,18,5,0,0.0,,0.0,0.0,0,False,insufficient_mutual_matches
right:62,right:46,10000,26,6,0,0.0,,0.0,0.0,0,False,insufficient_mutual_matches
left:62,left:52,10001,159,99,59,0.5959595959595959,1.4174331854032236,0.20652598018249949,0.1870505025879794,40,True,accepted
left:62,right:52,10001,158,95,47,0.49473684210526314,1.9759136694452069,0.256907448144812,0.2382205061783999,40,True,accepted
right:62,left:52,10000,163,97,55,0.5670103092783505,1.2752850254181207,0.19041858706442114,0.17288301670211842,40,True,accepted
right:62,right:52,10000,158,101,59,0.5841584158415841,1.2986502859150708,0.19352540458530937,0.17637789285940073,40,True,accepted
left:62,left:21,10001,18,6,0,0.0,,0.0,0.0,0,False,insufficient_mutual_matches
left:62,right:21,10001,21,7,0,0.0,,0.0,0.0,0,False,insufficient_mutual_matches
right:62,left:21,10000,16,6,0,0.0,,0.0,0.0,0,False,insufficient_mutual_matches
right:62,right:21,10000,20,7,0,0.0,,0.0,0.0,0,False,insufficient_mutual_matches
left:62,left:31,10001,43,8,0,0.0,,0.0,0.0,0,False,insufficient_mutual_matches
left:62,right:31,10001,34,5,0,0.0,,0.0,0.0,0,False,insufficient_mutual_matches
right:62,left:31,10000,42,9,0,0.0,,0.0,0.0,0,False,insufficient_mutual_matches
right:62,right:31,10000,33,8,0,0.0,,0.0,0.0,0,False,insufficient_mutual_matches
left:63,right:63,10001,8251,8206,8205,0.9998781379478431,0.06954838926153753,0.9236537390206507,0.9234215733787411,40,True,accepted
left:63,left:62,10001,2073,1860,1424,0.7655913978494624,1.0079882504959938,0.3667509033286033,0.3733846513896122,40,True,accepted
left:63,right:62,10001,2097,1863,1418,0.7611379495437467,1.0769723705186467,0.3674704720209293,0.37421497481282384,40,True,accepted
right:63,left:62,10000,2058,1838,1428,0.7769314472252449,1.0027572696642653,0.31686290326768646,0.3227635414638497,40,True,accepted
right:63,right:62,10000,2075,1840,1411,0.7668478260869566,1.1614343508238674,0.2557240946648411,0.2624213700147066,40,True,accepted
left:63,left:61,10001,244,166,105,0.6325301204819277,1.1031274777143354,0.21670389815589947,0.22140742200104588,40,True,accepted
left:63,right:61,10001,243,163,105,0.6441717791411042,0.9819360766027903,0.19391669994883096,0.19761116417387428,40,True,accepted
right:63,left:61,10000,250,159,104,0.6540880503144654,1.1086131918604185,0.19010161168573478,0.19395370176245108,40,True,accepted
right:63,right:61,10000,222,150,96,0.64,1.077061967186975,0.18506137932918004,0.18858922203755418,40,True,accepted
left:63,left:59,10001,49,10,0,0.0,,0.0,0.0,0,False,insufficient_mutual_matches
left:63,right:59,10001,70,17,0,0.0,,0.0,0.0,0,False,insufficient_mutual_matches
right:63,left:59,10000,54,11,0,0.0,,0.0,0.0,0,False,insufficient_mutual_matches
right:63,right:59,10000,53,13,0,0.0,,0.0,0.0,0,False,insufficient_mutual_matches
left:63,left:50,10001,471,355,263,0.7408450704225352,1.3860265055580638,0.15980410915454227,0.1528333319852944,40,True,accepted
left:63,right:50,10001,477,335,271,0.808955223880597,1.4550616426823704,0.1570213907768439,0.14924552796424456,40,True,accepted
right:63,left:50,10000,470,344,248,0.7209302325581395,1.6022615176335724,0.16625935336389522,0.15710101578325977,40,True,accepted
right:63,right:50,10000,486,345,277,0.8028985507246377,1.479895822590866,0.15742963452366432,0.1496981453741769,40,True,accepted
left:63,left:49,10001,565,428,342,0.7990654205607477,1.4312483344681035,0.21362513624138996,0.20014773535654512,40,True,accepted
left:63,right:49,10001,577,434,350,0.8064516129032258,1.639858849478009,0.1438359267321069,0.13312289099015476,40,True,accepted
right:63,left:49,10000,590,426,364,0.8544600938967136,1.4136287849432092,0.1102579633123994,0.10166379499130061,40,True,accepted
right:63,right:49,10000,580,418,341,0.8157894736842105,1.606589323253537,0.12834099477722427,0.11895323222197367,40,True,accepted
left:63,left:2,10001,14,5,0,0.0,,0.0,0.0,0,False,insufficient_mutual_matches
left:63,right:2,10001,21,5,0,0.0,,0.0,0.0,0,False,insufficient_mutual_matches
right:63,left:2,10000,14,4,0,0.0,,0.0,0.0,0,False,insufficient_mutual_matches
right:63,right:2,10000,21,4,0,0.0,,0.0,0.0,0,False,insufficient_mutual_matches
left:64,right:64,10001,8013,7964,7960,0.9994977398292315,0.07579544020284308,0.956650885053297,0.9564099884672027,40,True,accepted
left:64,left:63,10001,1046,956,665,0.6956066945606695,0.8099391574314241,0.2785944362541896,0.28116930032078147,40,True,accepted
left:64,right:63,10001,1040,960,676,0.7041666666666667,0.8551100920666016,0.443746872579791,0.44843777767474824,40,True,accepted
right:64,left:63,10000,1043,941,688,0.7311370882040382,0.970179132794822,0.4754795649001941,0.47645617408293134,40,True,accepted
right:64,right:63,10000,1042,943,654,0.6935312831389183,0.9697299352867697,0.304765720630922,0.31079951525018323,40,True,accepted
left:64,left:62,10001,171,130,80,0.6153846153846154,1.2857237512581272,0.043132759671755214,0.04364336288566593,40,True,accepted
left:64,right:62,10001,173,126,81,0.6428571428571429,1.2735583113442988,0.08796252398988096,0.0901219078498133,40,True,accepted
right:64,left:62,10000,171,124,80,0.6451612903225806,1.4297018865548359,0.043921217584626984,0.04478227308867373,40,True,accepted
right:64,right:62,10000,173,129,82,0.6356589147286822,1.1532796154317617,0.15459457074767047,0.1586421485347849,40,True,accepted
left:64,left:60,10001,35,4,0,0.0,,0.0,0.0,0,False,insufficient_mutual_matches
left:64,right:60,10001,28,3,0,0.0,,0.0,0.0,0,False,insufficient_mutual_matches
right:64,left:60,10000,35,9,0,0.0,,0.0,0.0,0,False,insufficient_mutual_matches
right:64,right:60,10000,40,8,0,0.0,,0.0,0.0,0,False,insufficient_mutual_matches
left:64,left:49,10001,371,300,179,0.5966666666666667,1.2932316665460495,0.2432132930173646,0.22156517497186112,40,True,accepted
left:64,right:49,10001,358,276,176,0.6376811594202898,1.339370614614625,0.2044508415831865,0.1916496822295486,40,True,accepted
right:64,left:49,10000,376,290,173,0.596551724137931,1.2593682066432585,0.26448355615907504,0.24080689395799837,40,True,accepted
right:64,right:49,10000,345,264,171,0.6477272727272727,1.6573890626697791,0.1891006282329027,0.1757325396431232,40,True,accepted
left:64,left:48,10001,199,155,62,0.4,1.7521180438392023,0.24005026491404713,0.21350238045028325,40,True,accepted
left:64,right:48,10001,190,142,68,0.4788732394366197,1.6259725313731683,0.3659493674350399,0.3230547031195076,40,True,accepted
right:64,left:48,10000,192,158,68,0.43037974683544306,2.1084696201182083,0.24441280556166436,0.20972208593437533,40,True,accepted
right:64,right:48,10000,183,145,65,0.4482758620689655,1.9930267814176195,0.25333563503065487,0.22549600169785605,40,True,accepted
left:64,left:50,10001,121,76,30,0.39473684210526316,1.6705825898504638,0.14717479782363782,0.13903360406149726,0,False,inlier_count
left:64,right:50,10001,120,83,30,0.3614457831325301,1.5044457205710287,0.14445914332858636,0.1372299575124903,0,False,inlier_count
right:64,left:50,10000,101,68,27,0.39705882352941174,1.4297547394889774,0.1445332346087942,0.1373832032052913,0,False,inlier_count
right:64,right:50,10000,113,70,28,0.4,1.6712270834205818,0.1334288785753502,0.12480211919494608,0,False,inlier_count
left:64,left:8,10001,30,9,0,0.0,,0.0,0.0,0,False,insufficient_mutual_matches
left:64,right:8,10001,23,9,0,0.0,,0.0,0.0,0,False,insufficient_mutual_matches
right:64,left:8,10000,26,10,0,0.0,,0.0,0.0,0,False,insufficient_mutual_matches
right:64,right:8,10000,26,10,0,0.0,,0.0,0.0,0,False,insufficient_mutual_matches
left:64,left:0,10001,21,6,0,0.0,,0.0,0.0,0,False,insufficient_mutual_matches
left:64,right:0,10001,15,4,0,0.0,,0.0,0.0,0,False,insufficient_mutual_matches
right:64,left:0,10000,20,4,0,0.0,,0.0,0.0,0,False,insufficient_mutual_matches
right:64,right:0,10000,20,3,0,0.0,,0.0,0.0,0,False,insufficient_mutual_matches
left:64,left:54,10001,35,11,0,0.0,,0.0,0.0,0,False,insufficient_mutual_matches
left:64,right:54,10001,33,9,0,0.0,,0.0,0.0,0,False,insufficient_mutual_matches
right:64,left:54,10000,36,8,0,0.0,,0.0,0.0,0,False,insufficient_mutual_matches
right:64,right:54,10000,29,7,0,0.0,,0.0,0.0,0,False,insufficient_mutual_matches
left:64,left:47,10001,126,94,52,0.5531914893617021,1.260630286742779,0.15870126156216624,0.139277137220026,40,True,accepted
left:64,right:47,10001,119,92,49,0.532608695652174,1.4682698164769743,0.17036595363411586,0.15061846750445174,40,True,accepted
right:64,left:47,10000,119,91,52,0.5714285714285714,1.631275034730786,0.18123110372013693,0.16181808164426445,40,True,accepted
right:64,right:47,10000,120,91,48,0.5274725274725275,1.0415135103357642,0.1546776599563566,0.1362211412036685,40,True,accepted
left:65,right:65,10000,8002,7967,7967,1.0,0.07639973055590296,0.956529935827395,0.956533602954301,40,True,accepted
left:65,left:64,10000,941,795,415,0.5220125786163522,1.723796581918192,0.438693347821154,0.44573658315759274,40,True,accepted
left:65,right:64,10000,937,784,413,0.5267857142857143,1.63919716451669,0.393234886267835,0.39720437549425597,40,True,accepted
right:65,left:64,10000,917,795,404,0.5081761006289308,1.3876898555959805,0.3395468519603334,0.34129219392474264,40,True,accepted
right:65,right:64,10000,933,792,388,0.4898989898989899,1.7387289891536826,0.5718313829671531,0.5763774383600302,40,True,accepted
left:65,left:63,10000,87,62,26,0.41935483870967744,0.8697476731922624,0.0696743330823,0.07058334679919147,0,False,inlier_count
left:65,right:63,10000,88,64,24,0.375,0.9957973800740471,0.07185731246115726,0.07296208926283855,0,False,inlier_count
right:65,left:63,10000,79,61,23,0.3770491803278688,1.6869757185886052,0.10555727555117812,0.10465157679431357,0,False,inlier_count
right:65,right:63,10000,94,74,26,0.35135135135135137,1.1137574982628615,0.13126133054343125,0.13109330626026927,0,False,inlier_count
left:65,left:61,10000,17,3,0,0.0,,0.0,0.0,0,False,insufficient_mutual_matches
left:65,right:61,10000,16,5,0,0.0,,0.0,0.0,0,False,insufficient_mutual_matches
right:65,left:61,10000,22,4,0,0.0,,0.0,0.0,0,False,insufficient_mutual_matches
right:65,right:61,10000,21,7,0,0.0,,0.0,0.0,0,False,insufficient_mutual_matches
left:65,left:47,10000,241,192,95,0.4947916666666667,2.015895804170466,0.26871922637222573,0.24127378830687682,40,True,accepted
left:65,right:47,10000,236,200,95,0.475,1.4569562950046122,0.22634122750955127,0.20544453427707995,40,True,accepted
right:65,left:47,10000,227,190,98,0.5157894736842106,1.799811832851832,0.2544202138401071,0.22911551310477132,40,True,accepted
right:65,right:47,10000,241,191,101,0.5287958115183246,1.7272621032760362,0.2024507392394475,0.18548478581357603,40,True,accepted
left:65,left:46,10000,133,107,35,0.32710280373831774,1.404008483941915,0.10597757267401926,0.08690712609816027,0,False,inlier_count
left:65,right:46,10000,127,101,41,0.40594059405940597,2.0252230300358836,0.2599540223591673,0.24287202008692887,40,True,accepted
right:65,left:46,10000,126,98,35,0.35714285714285715,1.985395701905211,0.12645494567159773,0.11475674115119287,0,False,inlier_count
right:65,right:46,10000,125,95,35,0.3684210526315789,1.7091899459522244,0.18053496338755232,0.17131686962295065,0,False,inlier_count
left:65,left:45,10000,46,23,0,0.0,,0.0,0.0,0,False,insufficient_mutual_matches
left:65,right:45,10000,40,23,0,0.0,,0.0,0.0,0,False,insufficient_mutual_matches
right:65,left:45,10000,41,22,0,0.0,,0.0,0.0,0,False,insufficient_mutual_matches
right:65,right:45,10000,35,23,0,0.0,,0.0,0.0,0,False,insufficient_mutual_matches
left:65,left:36,10000,43,25,0,0.0,,0.0,0.0,0,False,insufficient_mutual_matches
left:65,right:36,10000,61,32,0,0.0,,0.0,0.0,0,False,insufficient_mutual_matches
right:65,left:36,10000,50,32,0,0.0,,0.0,0.0,0,False,insufficient_mutual_matches
right:65,right:36,10000,63,38,0,0.0,,0.0,0.0,0,False,insufficient_mutual_matches
left:65,left:48,10000,206,165,88,0.5333333333333333,2.16388808368681,0.21746204294959648,0.19735305669373696,40,True,accepted
left:65,right:48,10000,191,148,74,0.5,1.913772147730872,0.1984848480903954,0.18008296533735368,40,True,accepted
right:65,left:48,10000,203,166,83,0.5,1.6332160501798019,0.2099394206818262,0.1927550080793655,40,True,accepted
right:65,right:48,10000,183,148,79,0.5337837837837838,1.6904673339776934,0.22617785053076891,0.2065521721876484,40,True,accepted
left:66,right:66,10000,7966,7928,7927,0.9998738647830474,0.07386445534796855,0.9295698588372938,0.9295762727706105,40,True,accepted
left:66,left:65,10000,1096,961,516,0.5369406867845994,1.9142977306827083,0.45286852177401865,0.45681277362631534,40,True,accepted
left:66,right:65,10000,1125,970,540,0.5567010309278351,1.5991175894680465,0.37015609176367664,0.37905422645523745,40,True,accepted
right:66,left:65,10000,1095,961,554,0.5764828303850156,1.6658294503916276,0.309472140341955,0.31845249291695926,40,True,accepted
right:66,right:65,10000,1141,983,544,0.5534079348931842,1.5625746538662995,0.3616114183670576,0.37030843068104063,40,True,accepted
left:66,left:64,10000,216,171,69,0.40350877192982454,1.5752624062461682,0.19415013499056427,0.20170115358037197,40,True,accepted
left:66,right:64,10000,211,173,64,0.3699421965317919,1.3175167292817527,0.2753697652956633,0.2773785655787285,40,True,accepted
right:66,left:64,10000,217,171,69,0.40350877192982454,1.6726754318447457,0.14509425626144096,0.15102757501566003,40,True,accepted
right:66,right:64,10000,225,181,75,0.4143646408839779,1.4945520705538036,0.2754525002221686,0.2780169261828691,40,True,accepted
left:66,left:62,10000,16,4,0,0.0,,0.0,0.0,0,False,insufficient_mutual_matches
left:66,right:62,10000,9,4,0,0.0,,0.0,0.0,0,False,insufficient_mutual_matches
right:66,left:62,10000,8,1,0,0.0,,0.0,0.0,0,False,insufficient_mutual_matches
right:66,right:62,10000,11,2,0,0.0,,0.0,0.0,0,False,insufficient_mutual_matches
left:66,left:46,10000,267,204,84,0.4117647058823529,1.8843799750383212,0.1380760249818122,0.1248688204745734,40,True,accepted
left:66,right:46,10000,258,204,95,0.46568627450980393,2.040803411251495,0.14384155682516134,0.1310237094327097,40,True,accepted
right:66,left:46,10000,253,194,82,0.422680412371134,1.8054696401252532,0.1662140862807494,0.15212403350702675,40,True,accepted
right:66,right:46,10000,258,199,88,0.44221105527638194,1.9850542148946508,0.15035907075707958,0.13692124166037645,40,True,accepted
left:66,left:47,10000,234,199,96,0.4824120603015075,1.6073528178694005,0.15466503428113723,0.14240561278477437,40,True,accepted
left:66,right:47,10000,256,208,90,0.4326923076923077,1.7388575368693995,0.1962608098531972,0.18530319324224911,40,True,accepted
right:66,left:47,10000,223,173,78,0.4508670520231214,1.6352570274884641,0.19582620755716185,0.17992420490615046,40,True,accepted
right:66,right:47,10000,248,197,73,0.37055837563451777,1.3133264711794639,0.08999279950179524,0.08393137779655048,40,True,accepted
left:66,left:22,10000,17,5,0,0.0,,0.0,0.0,0,False,insufficient_mutual_matches
left:66,right:22,10000,17,7,0,0.0,,0.0,0.0,0,False,insufficient_mutual_matches
right:66,left:22,10000,21,6,0,0.0,,0.0,0.0,0,False,insufficient_mutual_matches
right:66,right:22,10000,21,9,0,0.0,,0.0,0.0,0,False,insufficient_mutual_matches
left:66,left:37,10000,46,30,0,0.0,,0.0,0.0,0,False,insufficient_mutual_matches
left:66,right:37,10000,43,27,0,0.0,,0.0,0.0,0,False,insufficient_mutual_matches
right:66,left:37,10000,40,28,0,0.0,,0.0,0.0,0,False,insufficient_mutual_matches
right:66,right:37,10000,42,24,0,0.0,,0.0,0.0,0,False,insufficient_mutual_matches
left:66,left:15,10000,20,12,0,0.0,,0.0,0.0,0,False,insufficient_mutual_matches
left:66,right:15,10000,26,12,0,0.0,,0.0,0.0,0,False,insufficient_mutual_matches
right:66,left:15,10000,24,13,0,0.0,,0.0,0.0,0,False,insufficient_mutual_matches
right:66,right:15,10000,24,11,0,0.0,,0.0,0.0,0,False,insufficient_mutual_matches
left:66,left:21,10000,21,6,0,0.0,,0.0,0.0,0,False,insufficient_mutual_matches
left:66,right:21,10000,20,7,0,0.0,,0.0,0.0,0,False,insufficient_mutual_matches
right:66,left:21,10000,24,5,0,0.0,,0.0,0.0,0,False,insufficient_mutual_matches
right:66,right:21,10000,25,6,0,0.0,,0.0,0.0,0,False,insufficient_mutual_matches
left:66,left:39,10000,38,23,0,0.0,,0.0,0.0,0,False,insufficient_mutual_matches
left:66,right:39,10000,37,20,0,0.0,,0.0,0.0,0,False,insufficient_mutual_matches
right:66,left:39,10000,41,27,0,0.0,,0.0,0.0,0,False,insufficient_mutual_matches
right:66,right:39,10000,41,25,0,0.0,,0.0,0.0,0,False,insufficient_mutual_matches
left:66,left:14,10000,22,12,0,0.0,,0.0,0.0,0,False,insufficient_mutual_matches
left:66,right:14,10000,27,6,0,0.0,,0.0,0.0,0,False,insufficient_mutual_matches
right:66,left:14,10000,29,10,0,0.0,,0.0,0.0,0,False,insufficient_mutual_matches
right:66,right:14,10000,31,6,0,0.0,,0.0,0.0,0,False,insufficient_mutual_matches
left:67,right:67,10000,7936,7892,7892,1.0,0.07340300038810481,0.9613890779190081,0.9614025299145259,40,True,accepted
left:67,left:66,10000,1192,1020,499,0.4892156862745098,1.5445428257393934,0.2789927702081281,0.2898574062991577,40,True,accepted
left:67,right:66,10000,1173,1018,512,0.5029469548133595,1.720675431729847,0.3491115406701447,0.35903681278817046,40,True,accepted
right:67,left:66,10000,1218,1050,503,0.47904761904761906,1.827631012177088,0.47896356484638447,0.48636321213534506,40,True,accepted
right:67,right:66,10000,1188,1039,514,0.49470644850818096,1.8941789159037625,0.43759167614520933,0.44434145487997634,40,True,accepted
left:67,left:65,10000,221,174,59,0.3390804597701149,0.8582340369343717,0.22814374448337518,0.24077177228975363,40,True,accepted
left:67,right:65,10000,222,173,62,0.3583815028901734,1.6495956523072541,0.2549918174311428,0.26004633395221044,40,True,accepted
right:67,left:65,10000,230,188,66,0.35106382978723405,1.5422825442062422,0.2831651113265826,0.2878473949218626,40,True,accepted
right:67,right:65,10000,236,196,70,0.35714285714285715,1.5951945228186535,0.2573046208553437,0.25786476705565,40,True,accepted
left:67,left:63,10000,25,9,0,0.0,,0.0,0.0,0,False,insufficient_mutual_matches
left:67,right:63,10000,21,12,0,0.0,,0.0,0.0,0,False,insufficient_mutual_matches
right:67,left:63,10000,24,8,0,0.0,,0.0,0.0,0,False,insufficient_mutual_matches
right:67,right:63,10000,25,13,0,0.0,,0.0,0.0,0,False,insufficient_mutual_matches
left:67,left:45,10000,216,169,67,0.39644970414201186,1.534607200192629,0.2790501866252281,0.2687349585060642,40,True,accepted
left:67,right:45,10000,236,181,65,0.35911602209944754,1.6150452164201383,0.31890972393537764,0.3121998963663183,40,True,accepted
right:67,left:45,10000,224,168,61,0.3630952380952381,1.5573794316391136,0.2399236020805221,0.22137032973176832,40,True,accepted
right:67,right:45,10000,229,172,68,0.3953488372093023,1.8041354940114118,0.27313987126467154,0.26291321774919674,40,True,accepted
left:67,left:46,10000,204,150,49,0.32666666666666666,1.6985677286492042,0.27284850390994037,0.2657292469222362,40,True,accepted
left:67,right:46,10000,215,149,55,0.3691275167785235,1.414168873661276,0.487290017345818,0.46111783100705184,40,True,accepted
right:67,left:46,10000,208,147,50,0.3401360544217687,1.6720036680858543,0.2588088666009035,0.25280204956668717,40,True,accepted
right:67,right:46,10000,203,152,55,0.3618421052631579,1.5476128808164917,0.21169275729698853,0.20338816672501145,40,True,accepted
left:67,left:44,10000,92,65,23,0.35384615384615387,1.3489839305963265,0.10266291295789516,0.10580960536973423,0,False,inlier_count
left:67,right:44,10000,97,69,29,0.42028985507246375,1.396685659384825,0.23739470656203251,0.23155157314793254,0,False,inlier_count
right:67,left:44,10000,94,67,28,0.417910447761194,1.6614550687125347,0.1342614181637642,0.13096114883539653,0,False,inlier_count
right:67,right:44,10000,98,65,28,0.4307692307692308,1.541529525574656,0.1260824182435066,0.12684303597212088,0,False,inlier_count
left:67,left:42,10000,24,14,0,0.0,,0.0,0.0,0,False,insufficient_mutual_matches
left:67,right:42,10000,24,10,0,0.0,,0.0,0.0,0,False,insufficient_mutual_matches
right:67,left:42,10000,24,7,0,0.0,,0.0,0.0,0,False,insufficient_mutual_matches
right:67,right:42,10000,16,5,0,0.0,,0.0,0.0,0,False,insufficient_mutual_matches
left:68,right:68,10000,7967,7926,7925,0.9998738329548322,0.06998616027236723,0.9540727236619667,0.9540594715266317,40,True,accepted
left:68,left:67,10000,1349,1179,657,0.5572519083969466,1.7828175764098004,0.44200906783883037,0.42842124791183167,40,True,accepted
left:68,right:67,10000,1365,1185,707,0.5966244725738397,1.938766261344016,0.42823270845693784,0.4171288475396866,40,True,accepted
right:68,left:67,10000,1370,1192,664,0.5570469798657718,1.606881140336757,0.44468998159382617,0.42858949512546163,40,True,accepted
right:68,right:67,10000,1329,1143,682,0.5966754155730534,1.9369801804217315,0.49785074764928894,0.4841665720914586,40,True,accepted
left:68,left:66,10000,197,149,47,0.31543624161073824,1.5311351854342286,0.25503892084450785,0.2539649633498618,40,True,accepted
left:68,right:66,10000,201,147,49,0.3333333333333333,1.8632344602927418,0.3223027931171703,0.3205069173214185,40,True,accepted
right:68,left:66,10000,193,150,49,0.32666666666666666,1.5688359709454396,0.10457705133195241,0.10544248746388876,40,True,accepted
right:68,right:66,10000,203,155,50,0.3225806451612903,1.3803947305566597,0.28312215042031585,0.28832487729295564,40,True,accepted
left:68,left:64,10000,23,11,0,0.0,,0.0,0.0,0,False,insufficient_mutual_matches
left:68,right:64,10000,29,17,0,0.0,,0.0,0.0,0,False,insufficient_mutual_matches
right:68,left:64,10000,24,12,0,0.0,,0.0,0.0,0,False,insufficient_mutual_matches
right:68,right:64,10000,24,13,0,0.0,,0.0,0.0,0,False,insufficient_mutual_matches
left:68,left:44,10000,214,160,75,0.46875,1.8558994392679358,0.2609846398809194,0.24998486989619356,40,True,accepted
left:68,right:44,10000,205,153,83,0.5424836601307189,1.6711996085189496,0.28164200512099286,0.26922186116708235,40,True,accepted
right:68,left:44,10000,230,166,70,0.42168674698795183,1.840525117975681,0.23393540773219332,0.2249484114233578,40,True,accepted
right:68,right:44,10000,224,157,73,0.46496815286624205,1.7276758015061613,0.2658571855046112,0.25648831582079273,40,True,accepted
left:68,left:45,10000,235,177,88,0.4971751412429379,1.4847707531882408,0.26809340705290097,0.2515541389378313,40,True,accepted
left:68,right:45,10000,236,180,101,0.5611111111111111,1.566081295570528,0.30091197659164176,0.2812372683849252,40,True,accepted
right:68,left:45,10000,244,176,90,0.5113636363636364,1.8115737795171716,0.3178983913592045,0.29439762677242265,40,True,accepted
right:68,right:45,10000,217,164,82,0.5,1.3694431591080582,0.2947108351802891,0.27329000760195205,40,True,accepted
left:68,left:28,10000,17,9,0,0.0,,0.0,0.0,0,False,insufficient_mutual_matches
left:68,right:28,10000,18,7,0,0.0,,0.0,0.0,0,False,insufficient_mutual_matches
right:68,left:28,10000,16,5,0,0.0,,0.0,0.0,0,False,insufficient_mutual_matches
right:68,right:28,10000,18,5,0,0.0,,0.0,0.0,0,False,insufficient_mutual_matches
left:68,left:56,10000,26,7,0,0.0,,0.0,0.0,0,False,insufficient_mutual_matches
left:68,right:56,10000,21,4,0,0.0,,0.0,0.0,0,False,insufficient_mutual_matches
right:68,left:56,10000,31,7,0,0.0,,0.0,0.0,0,False,insufficient_mutual_matches
right:68,right:56,10000,27,9,0,0.0,,0.0,0.0,0,False,insufficient_mutual_matches
left:68,left:24,10000,21,3,0,0.0,,0.0,0.0,0,False,insufficient_mutual_matches
left:68,right:24,10000,23,5,0,0.0,,0.0,0.0,0,False,insufficient_mutual_matches
right:68,left:24,10000,25,7,0,0.0,,0.0,0.0,0,False,insufficient_mutual_matches
right:68,right:24,10000,22,7,0,0.0,,0.0,0.0,0,False,insufficient_mutual_matches
left:68,left:46,10000,92,54,25,0.46296296296296297,1.5112158661280017,0.2187846887656859,0.19592532003230478,0,False,inlier_count
left:68,right:46,10000,90,63,25,0.3968253968253968,1.4424201450057215,0.1479582788025753,0.13201698749859592,0,False,inlier_count
right:68,left:46,10000,101,52,21,0.40384615384615385,1.889612900108459,0.18260187266506528,0.16215579066353664,0,False,inlier_count
right:68,right:46,10000,92,54,24,0.4444444444444444,1.616244323112231,0.0962491187172502,0.08843601172220271,0,False,inlier_count
left:69,right:69,10001,7892,7846,7845,0.99987254652052,0.07041890099826072,0.9367131170044222,0.936694138089821,40,True,accepted
left:69,left:68,10001,1310,1127,652,0.5785270629991127,1.8240448808940928,0.20012863748447898,0.19362929729479947,40,True,accepted
left:69,right:68,10001,1319,1154,619,0.5363951473136915,1.4764046021995871,0.29106289314236095,0.28122990592031677,40,True,accepted
right:69,left:68,10000,1312,1143,639,0.5590551181102362,1.4287357477632658,0.35872394336390007,0.34768044152731076,40,True,accepted
right:69,right:68,10000,1343,1156,644,0.5570934256055363,1.6862760014959954,0.44572981451357735,0.43367519940665206,40,True,accepted
left:69,left:67,10001,201,145,64,0.4413793103448276,2.113785877792896,0.2249579443921483,0.20867093646246576,40,True,accepted
left:69,right:67,10001,191,136,62,0.45588235294117646,1.3391201300377034,0.10405040292122707,0.09692509067492626,40,True,accepted
right:69,left:67,10000,197,144,69,0.4791666666666667,1.7556548318876268,0.12756505997854298,0.11842053890998593,40,True,accepted
right:69,right:67,10000,198,143,66,0.46153846153846156,1.470506858610287,0.11278646702212908,0.10501526706328687,40,True,accepted
left:69,left:65,10001,28,10,0,0.0,,0.0,0.0,0,False,insufficient_mutual_matches
left:69,right:65,10001,27,9,0,0.0,,0.0,0.0,0,False,insufficient_mutual_matches
right:69,left:65,10000,27,8,0,0.0,,0.0,0.0,0,False,insufficient_mutual_matches
right:69,right:65,10000,17,6,0,0.0,,0.0,0.0,0,False,insufficient_mutual_matches
left:69,left:44,10001,249,187,105,0.5614973262032086,1.7021856043481418,0.26355592177137516,0.244866491464328,40,True,accepted
left:69,right:44,10001,240,173,85,0.4913294797687861,1.4875730304401162,0.17953786669230642,0.16688442162225278,40,True,accepted
right:69,left:44,10000,257,188,98,0.5212765957446809,1.4640691767462553,0.23025824356545974,0.21395827200197703,40,True,accepted
right:69,right:44,10000,258,183,105,0.5737704918032787,1.8327998739238471,0.24116116734351523,0.22573222243935354,40,True,accepted
left:69,left:45,10001,100,68,36,0.5294117647058824,1.623268603422081,0.12748310281515896,0.11680023417255078,0,False,inlier_count
left:69,right:45,10001,96,59,34,0.576271186440678,1.306033580923436,0.12200261776741145,0.113952114333253,0,False,inlier_count
right:69,left:45,10000,109,73,43,0.589041095890411,1.5999468558154313,0.1890917862557747,0.16744916125363252,40,True,accepted
right:69,right:45,10000,105,71,36,0.5070422535211268,1.4706901865466777,0.047590085429571154,0.04276391625323302,0,False,inlier_count
left:69,left:15,10001,19,4,0,0.0,,0.0,0.0,0,False,insufficient_mutual_matches
left:69,right:15,10001,14,5,0,0.0,,0.0,0.0,0,False,insufficient_mutual_matches
right:69,left:15,10000,20,6,0,0.0,,0.0,0.0,0,False,insufficient_mutual_matches
right:69,right:15,10000,14,2,0,0.0,,0.0,0.0,0,False,insufficient_mutual_matches
